Name,Description,Gender
Abraham,hebreska og merkir faðir margra þjóða (1. Mós. 17/5),M
Adam,"hebreska og merkir maður, manneskja (1. Mós. 2,7)",M
Adólf,"úr þýsku, adal Wolf, göfugur úlfur",M
Aðalbergur,göfugur bjargvættur,M
Aðalbjörn,göfugur björ,M
Aðalgeir,"göfugt spjót, vopn",M
Aðalmundur,"göfug gjöf, eða vörn",M
Aðalsteinn,"göfugur steinn, norræn mynd engilsaxnesks nafns, Ethelstan",M
Aðils,"göfugur gísl, fornsænskt konungsnafn",M
Adrían,"af Hadrianus; frá Hadria. Hadria var bær í norður Ítalíu, Adriatic Sea hefur nafn sitt þaðan",M
Agnar,"norrænt nafn dregið af agi; ógn, og -arr sem er stytting á fornnorrænu orði harjaR; hermaður",M
Ágúst,"úr latínu Augustus; virðulegur, göfugur. Upphaflega heiðurstitill. Ágúst keisari (Lúk. 2,1)",M
Áki,"forfaðir, ái",M
Albert,"úr þýsku, dregið af aðal, göfugur, og bjartur eða borinn; ættgöfugur",M
Alexander,"úr grísku; verndari, eða bjargvættur manna. Alexander mikli í Makedóníu (d. 323 f. Kr.)",M
Álfgeir,vopn álfa,M
Alfons,úr arabísku og merkir gæfusamur,M
Alfreð,"úr ensku; álfur- og friður, eða álfur og ráð",M
Álfur,"huldumaður. Álfur egðski landnámsmaður, af nafni hans er dregið nafnið Ölfus",M
Allan,úr ensku eða keltnesku og merkir þá líklega; samræmi,M
Almar,"norrænt nafn, sennilega álmur, tré, sem notað var í boga, og -arr; hermaður",M
Amos,Hebreskt Biblínafn höfundar Amosbókar. Nafnið merkir að bera; að halda á.,M
Ámundi,ágæt vörn,M
Andrés,"úr grísku og merkir karlmannlegur. Andrés postuli er verndardýrlingur Skota. 30/11. Andrésarmessa (Jóh. 1,40)",M
Andri,"andstæðingur, eða skíðamaður",M
Angantýr,fornt norrænt nafn og merkir eftirlætis goð,M
Annas,úr hebresku,M
Anton,"stytting latneska nafnsins Antoníus, sem merkir ómetanlegur. 17/1. heilagur Antóníus, stofnandi fyrsta kristna klaustursins (d. 356)",M
Árelíus,úr latínu; gullinn,M
Ari,örn,M
Arinbjörn,"arinn; heimili, og björn",M
Ármann,ármaður; umboðsmaður,M
Arnaldur,sá sem hefur mátt arnarins,M
Arnar,dregið af örn,M
Arnbjörn,"myndað af forliðnum arn-, sem merkir örn eða heimili, og viðliðnum björn sem merkir bjarndýr.",M
Arnfinnur,arinn og Finnur; (finnskur-) maður,M
Arngeir,vopn heimilisins,M
Arngrímur,"örn, eða arinn, og grímur; dulbúinn maður",M
Árni,dregi af örn. Árni Magnússon (1663-1730) handritasafnari,M
Arnkell,"-kell er sama og ketill í merkingunni hjálmur, hjálmur heimilisins",M
Arnlaugur,ljómi heimilisins,M
Arnleifur,erfingi heimilisins,M
Arnljótur,"-ljótur er dregið af fornnorrænu orði sem merkir bjartur, ljós; birta heimilisins. Á fyrstu öldum Íslandsbyggðar var Ljótur eitt algengasta nafn hér á landi",M
Arnmundur,vörn heimilisins,M
Arnoddur,vopn heimilisins,M
Arnór,samsett af örn eða arinn og Þór,M
Arnviður,-viður; skógur tré,M
Arnþór,örn eða arinn og Þór,M
Aron,úr hebresku og þýðir sennilega hinn sterki,M
Ársæll,farsæll,M
Arthúr,enskt nafn af keltneskum uppruna og merkir víðfrægur og voldugur,M
Arviður,sama og Arnviður,M
Ás,"algengur forliður nafna í merkingunni goð, máttarvöld, Guð",M
Ásbjörn,guðlegur björn,M
Ásgeir,"vopn goðanna. Ásgeir Ásgeirsson, 2. forseti íslenska lýðveldisins (1952-1968)",M
Ásgrímur,gríma goðanna,M
Áskell,hjálmur Guðs,M
Áslákur,leikur máttarvaldanna,M
Áslaugur,bjartur sem Guð,M
Ásmundur,vernd eða gjöf Guðs,M
Ásólfur,-ólfur; úlfur,M
Ástgeir,"vopn ástarinnar, eða vopn Guðs",M
Ástmar,Ást- eða Ás- og -mar; frægur,M
Ástráður,"ráð, stjórn máttarvaldanna",M
Ástvaldur,"máttur ástarinnar, eða Guðs",M
Ástþór,ást- og Þór,M
Atli,"fornnorrænt nafn, sennilega dregið af nafni Húnakonungsins illræmda, Attila, en nafn hans þýðir að líkindum faðir. Norrænir menn tengdu það hins vegar öðru orði, sem merkir harðvítugur, harðger, skylt ötull",M
Auðbergur,auðnu- bergur; bjargvættur,M
Auðólfur,"auðnu, gæfu úlfur",M
Auðun eða Auðunn,sá sem gæfan ann. Óðinsheiti,M
Axel,forn dönsk mynd hebreska nafnsins Absalon (; friðarfaðir),M
Baldur,"hugrakkur, djarfur. Hinn hvíti ás norrænnar goðafræði. Nafn þetta varð afar vinsælt á Norðurlöndunum og Þýskalandi á 19. öld",M
Baldvin,"djarfur vinur. Margir krossfarakonungar hétu þessu nafni. Baldvin Einarsson, lögfræðingur og ritstjóri (1801-1833)",M
Bambi,Vantar merkingu,M
Barði,skeggjaður maður,M
Bárður,sá sem ann orrustum,M
Beinteinn,sverð,M
Benedikt,latína og merkir blessaður. 30/8. heilagur Benedikt frá Núrsíu. Benedikt Sveinbjarnarson Gröndal skáld (1826-1907),M
Benjamín,"hebreska; hamingjusonur (1. Mós. 35,18)",M
Benóní,"hebreska; harmasonur (1. Mós. 35, 18, 24)",M
Bent,"danskt nafn, sama og Benedikt",M
Bergfinnur,(finnskur) bjargvættur,M
Bergmann,hjálparmaður. Bergmann er annað algengasta viðurnefni á Íslandi,M
Bergmundur,verndari,M
Bergsteinn,"steinn, sem bjargar",M
Bergsveinn,"sveinn, sem bjargar",M
Bergur,bjargvættur,M
Bergvin,"vinur, sem bjargar",M
Bergþór,bjargvættur og Þór,M
Bernharð,sjá Bernharður,M
Bernharður,"fornþýskt nafn og merkir sterkur sem björn. 20/8. heilagur Bernharður frá Clairvaux, d. 1153",M
Bernódus,"úr rímum, merking óþekkt, nema Bern- er skylt björn",M
Bersi,björn,M
Bertel,"þýskt nafn, sem merkir frægur. Dansk, íslenski myndhöggvarinn Bertel Thorvaldsen (1768-1844)",M
Bessi,björn,M
Betúel,"úr hebresku (1. Mós. 22,22)",M
Birgir,"fornsænka, sá sem bjargar, verndar",M
Birkir,dregið af birki,M
Birnir,af björn,M
Bjargmundur,verndari,M
Bjarkar,"Nafnið er trúlega myndað með hliðsjón af kvenmannsnafninu,Björk með viðskeytinu -ar; hermaður",M
Bjarki,"annað hvort dregið af birki, eða merkir; lítill björn",M
Bjarnfinnur,samsett af Björn og Finnur,M
Bjarnfreður,sá sem björn verndar,M
Bjarnhéðinn,bjarnarfeldur,M
Bjarni,"dregið af björn. Bjarni Pálsson, landlæknir (1719-1779)",M
Bjarnþór,samsett af Bjarni og -þór,M
Bjartmar,bjartur og frægur,M
Bjartur,bjartur,M
Björgúlfur,"úlfur, sem bjargar",M
Björgvin,"vinur, sem bjargar",M
Björn,"björn. Björn Þorleifsson, hirðstjóri á Skarði (d. 1467)",M
Bóas,"úr hebresku; í mætti (Rut. 2,1)",M
Bogi,vopn,M
Bolli,"gildvaxinn maður. Bolli Þorleiksson, maður Guðrúnar Ósvífursdóttur",M
Borgar,"borg; vörn, vígi, og -ar; hermaður",M
Borgþór,"vörn, vígi Þórs",M
Bótólfur,"úlfur, sem bætir. 17/6. Bótólfur, forn enskur dýrlingur",M
Bragi,ágætur. Bragi var skáldskaparguðinn,M
Brandur,sverð,M
Breki,"brim, boði",M
Bresi,"úr írsku Bresse, sem sennilega merkti óeirðarmaður. Bresi hét faðir tveggja landnámsmanna, og bæjarnafnið Bresagerði bendir til, að nafnið hafi verið notað hérlendis",M
Brimi,Vantar merkingu,M
Brjánn,"keltneskt nafn, Brían, sem merkir ef til vill hæð eða hóll",M
Broddi,sverð eða spjót,M
Bryngeir,"brynjaður geir, vopn",M
Brynjar,brynjaður hermaður,M
Brynjólfur eða Brynjúlfur,brynjaður úlfur,M
Brynleifur,sá sem erfir brynju,M
Búi,bóndi,M
Burkni,jurt,M
Bæring eða Bæringur,"úr riddarasögum, merking ókunn",M
Böðvar,bardagamaður,M
Börkur,annað hvort trjábörkur eða fornnorrænt í merkingunni vígamaður,M
Daði,úr írsku. Merking óþekkt,M
Dagbjartur,bjartur sem dagur,M
Dagfinnur,dagur og Finnur,M
Dagur,dagur,M
Dagþór,samsett af Dagur og -þór,M
Dalmann,dalbúi,M
Dalmar,"dal- og -mar, frægur",M
Dan,"danskur. Dan konungur, sem Danmörk heitir eftir, skv. Snorra",M
Daníel,"úr hebresku; Guð er dómari minn (Esek. 14,14)",M
Danival,sennilega samsett af Daníel og Val-,M
Darri,"spjót, vopn",M
Davíð,"úr hebresku og merkir elskaður, ástvinur (1.sam. 16,19)",M
Diðrik,"úr þýsku og merkir þjóð- ríkur, voldugur",M
Dofri,jötunn,M
Draupnir,"gersemi,gullhringur, sem gullhringir drupu af",M
Dúi,"úr dönsku, Due, dúfa",M
Dýri,"ágætur maður, eða dregið af dýr; dádýr",M
Ebbi,"úr dönsku, stytting á nöfnum eins og Ásbjörn o.fl",M
Ebeneser,"úr hebresku og þýðir hjálparhella (1. Sam. 7,12)",M
Eðvald,"úr ensku, auðnu, gæfu veldi",M
Eðvarð,"úr ensku og merkir auðnu, gæfu vernd. Íslenska mynd nafnsins er Játvarður",M
Eggert,úr þýsku; egg-harður,M
Egill,"sennilega skylt agi og ótti, ógn; ógurlegur",M
Eiður,"ef til vill eiður, svardagi, eða, sem líklegast virðist, íslensk mynd á írsku nafni",M
Einar,"einstæður, frábær, og -ar = hermaður",M
Einir,"einir, jurt",M
Einvarður,frábær vörn,M
Einþór,frábær -þór,M
Eiríkur,"æ, ávallt ríkur, voldugur",M
Eldjárn,eldur og járn,M
Elfar,"af kvenmannsnafninu Elfa; elfur, fljót",M
Elí,"hebreska, og þýðir Guð minn (1. Sam. 1)",M
Elías,"nafn hebreska spámannsins Elía, sem merkir Drottinn er Guð minn (1. Kon. 17,1)",M
Elínbergur,samsett af Elín og Bergur,M
Elínmundur,samsett af Elín og -mundur,M
Elís,"nafn spámannsins Elísa, sem merkir Guð er hjálp mín (1. Kon. 19,16)",M
Ellert,"úr þýsku, Eilert; eggharður",M
Elliði,"sá sem siglir einn, eða frábærlega",M
Elmar,"af élmar; skip, eða samsett af t.d. Elías og Mar-. Önnur merking er úr fornensku Æthelmær sem er samsett af forliðnum Æthel-, sem merki aðal, og viðliðnum -mær, sem merkir frægur",M
Elvar,sama og Elfar,M
Emanúel,"úr hebresku; Immanúel, sem þýðir Guð með oss",M
Emil,"franskt nafn, dregið af fornu, rómversku ættarnafni, og þýðir vingjarnlegur",M
Engilbert,bjartur sem engill,M
Enok,"úr hebresku; helgaður (1. Mós. 5, 18,24)",M
Erlendur,útlendur maður,M
Erling,sjá Erlingur,M
Erlingur,"norrænt nafn, sem merkir; af jarlsættum",M
Ernir,"ungt nafn í íslensku. Nafnið er trúlega leitt af kvenmannsnafninu,Erna með hliðsjón af fleirtölumyndinni ernir. Einnig gæti verið að fjallsnafnið Ernir hefði haft áhrif á nafngjöfina",M
Erpur,jarphærður,M
Esra,"herbreskt nafn, sem merkir hjálpari (Esra 7)",M
Eyjólfur,"auðnu, gæfu úlfur",M
Eymundur,"gæfu vörn, eða gjöf",M
Eysteinn,gæfusteinn,M
Eyvindur,gæfusamur hermaður,M
Eyþór,auðnu-Þór,M
Fáfnir,"drekinn, sem lá á gullinu",M
Falur,spjót,M
Fannar,"af fönn, snjór",M
Felix,úr latínu; farsæll,M
Fenrir,"samsett af Fen-, sem mögulega þýðir fen, og ‘hris’, sem þýðir sprek. Stytting á Fenrisúlfur. Fenrisúlfur var afkvæmi Loka og Angurboðu í norrænu Goðafræðinni",M
Ferdinand,þýskt nafn í merkingunni friðelskandi,M
Fífill,fífill,M
Filippus,grískt nafn; hestavinur. 1/5. Filippus postuli,M
Finnbogi,Finnur og bogi,M
Finnbjörn,Finnur og björn,M
Finnur,"Finni, maður",M
Fjalar,"dvergsheiti í merkingunni vitur, fjölfróður",M
Fjölnir,Óðinsheiti; fjölvís,M
Flóki,"etv. dregið af flóki, flækja, benda",M
Flosi,líkleg merking; léttúðugur maður,M
Frank,"úr ensku, stytting á Franciscus; franskur maður",M
Frans,"þýskt nafn, stytting á Franciscus",M
Freymóður,hugrekki Freys,M
Freyr,frjósemisguðinn í norrænni goðafræði. Upphafleg merking; konungur,M
Freysteinn,steinn Freys,M
Friðberg eða Friðbergur,bjargvættur friðar,M
Friðbert,bjartur friður,M
Friðbjörn,friður og björn,M
Friðgeir,"friður og geir, vopn",M
Friðjón,friður og -jón,M
Friðlaugur,skínandi friður,M
Friðleifur,erfingi friðar,M
Friðmar,"friður og -mar, frægur",M
Friðmundur,gjöf eða vörn friðar,M
Friðrik,úr þýsku; friðsamur höfðingi. Danakonungar hafa stuðlað að vinsældum nafnsins á Íslandi. Sr. Friðrik Friðriksson æskulýðsleiðtogi (1869-1961),M
Friðsteinn,friður og steinn,M
Friðvin,vinur friðar,M
Friðþjófur,"friður og þjófur, eða þjónn",M
Friðþór,friður og Þór,M
Frímann,frjáls maður,M
Fróði,"vitur, fróður maður",M
Frosti,frostkaldur maður,M
Funi,"eldur, logi",M
Fylkir,"konungur, foringi",M
Gabríel,"hebreska, Guð er styrkur minn. Nafn erkiengilsins (Lúk. 1, 26.",M
Gamalíel,"hebreska, Guð er styrkur minn. Nafn erkiengilsins (Lúk. 1, 26)",M
Garðar,"vörður, hermaður, sem verndar",M
Gaukur,"gaukur, fugl",M
Gauti,"gauskur maður, frá Gautlandi í Svíþjóð",M
Gautur,gauskur maður,M
Geir,spjót,M
Geirfinnur,"vopnaður Finnur, maður",M
Geirharður,"úr þýsku; sterkur, harður sem spjót",M
Geirlaugur,skínandi spjót,M
Geirmundur,vörn spjóts,M
Georg,úr grísku; bóndi. 23/4. heilagur Georg er verndardýrlingur Englands,M
Gestur,"gestur, ókunnur maður",M
Gils,"herfangi, gísl, eða skylt geisli",M
Gísli,"sennilega dregið af gísl, eða skylt geisli og fornþýsku orði, sem merkir ör",M
Gissur,"Óðinsheiti; vitur maður, getspakur. Gissur jarl Þorvaldsson (d. 1268)",M
Glúmur,dökkleitur maður,M
Gnýr,"stormur, hávaði. Nafn þetta kemur fyrir í Stjörnu-Odda draumi. Tveir bæðir heita Gnýsstaðir",M
Gottfreð,úr þýsku; friður Guðs,M
Gottlieb,þýskt nafn; sá sem Guð elskar,M
Gottskálk,"þýskt nafn, sem merkir þjónn Guðs",M
Greipur,handsterkur maður,M
Grétar,"dregið af Gréta, sem aftur er stytting á Margrét",M
Grettir,annað hvort ormur eða grettinn maður,M
Grímar,grímubúinn hermaður,M
Grímkell,dulbúinn hjálmur,M
Grímur,"Óðinsheiti, sá sem ber grímu. Grímur Thomsen, skáld (d. 1896)",M
Guðberg,sjá Guðbergur,M
Guðbergur,sá sem Guð bjargar,M
Guðbjartur,bjartur sem Guð,M
Guðbjörn,Guð og Björn,M
Guðbrandur,sverð Guðs,M
Guðfinnur,Finnur helgaður Guði,M
Guðgeir,spjót Guðs,M
Guðjón,Guð og Jón,M
Guðlaugur,"bjartur, hreinn sem Guð",M
Guðleifur,erfingi Guðs,M
Guðmar,Guð og -mar; frægur,M
Guðmundur,"gjöf eða vörn Guðs. 16/3. Gvendardagur; Guðmundur biskup Arason, hinn góði (d. 1237)",M
Guðni,úr ensku (Godwin); vinur Guðs. Eldri mynd nafnsins er Guðini,M
Guðráður,"ráð, stjórn Guðs",M
Guðröður,"sá sem Guð elskar, eða verndar",M
Guðsteinn,steinn Guðs,M
Guðsveinn,sveinn Guðs,M
Guðvarður,sá sem Guð verndar,M
Guðvin,vinur Guðs,M
Gunnar,"stríðsmaður, bardagamaður, myndað af gunnur, orrusta og -ar; hermaður",M
Gunnbjörn,orrustubjörn,M
Gunngeir,orrustu spjót,M
Gunnlaugur,bjartur í orrustu,M
Gunnleifur,erfingi í orrustu,M
Gunnólfur,orrustu- úlfur,M
Gunnsteinn,orrustu- steinn,M
Gunnþór,orrustu-Þór,M
Gústaf,"úr fornsænsku; Gautstafur, stafur, stoð Gautlendinga",M
Guttormur,"Guð- og þormur; sem Guð þyrmir, hlífir",M
Gylfi,"fornt konungsheiti, merking óþekkt",M
Hafliði,"sægarpur, farmaður",M
Hafsteinn,haf og steinn,M
Hafþór,haf og Þór,M
Hagbarður,"hagur, snjall maður með skegg. Sækonungsheiti",M
Hákon,"há; af hár, upphafinn, göfugur, Óðinsheiti, -kon; afkomandi, niðji. Niðji hins göfuga. Hákon gamli, Noregskonungur (d. 1263) fyrsti konungur Íslands",M
Hálfdan,hálfdanskur maður,M
Hallberg,Hallur og Bergur,M
Hallbjörn,"Hallur, steinn og Björn",M
Halldór,"Hallur, steinn og Þór. Nóbelskáldið Halldór Laxness (1902-1998)",M
Hallfreður,sá sem nýtur verndar steins,M
Hallgeir,"hallur, steinn, og geir, vopn",M
Hallgils,"gísl Halls, steins",M
Hallgrímur,"Hallur og Grímur, dulbúinn maður. Sr. Hallgrímur Pétursson (1614-1674)",M
Hallkell,steinhjálmur,M
Hallmann,"hallur, steinn, og maður",M
Hallmar,frægur steinn,M
Hallmundur,vörn steinsins,M
Hallur,steinn,M
Hallvarður,sá sem steinninn er,M
Hámundur,göfugur verndari,M
Hannes,"stytting á Jóhannes. Hannes Hafstein, fyrsti íslenski ráðherrann (d. 1922",M
Hannibal,"föniskt nafn, sem merkir náðargjöf guðsins Baals",M
Hans,stytting á Jóhannes,M
Haraldur,"sá sem ræður fyrir her. Haraldur hárfagri, Noregskonungur (850-933)",M
Hárekur,göfugur leiðtogi,M
Harri,"höfðingi, konungur. Nafn þetta kemur fyrir örfáum sinnum að fornu. Það varðveitist einnig í bæjarheitinu Harrastöðum",M
Hartmann,"úr þýsku, harður maður",M
Hásteinn,göfugur steinn,M
Haukur,"haukur, fuglinn",M
Hávarður,"göfugur vörður, eða sá sem nýtur verndar hins æðsta",M
Héðinn,skinnfeldur,M
Heiðar,bjartur hermaður,M
Heiðmann,bjartur maður,M
Heiðmar,bjartur og frægur,M
Heiðmundur,"björt gjöf, eða bjartur verndari",M
Heiðrekur,bjartur höfðingi,M
Heimir,"fornsögunafn, ef til vill skylt heimur eða no. heimi; heimili",M
Helgi,"helgur, heilagur. Helgi magri, landnámsmaður í Kristnesi",M
Henning,"úr þýsku eða frísnesku, sennilega afbökun á Jóhannes",M
Herbert,"bjartur, skínandi hermaður. Norrænt nafn, mikið notað á Englandi",M
Herbjörn,her og björn,M
Hergeir,"her og geir, vopn",M
Hergils,her og gísl,M
Herjólfur,her-úlfur,M
Hermann,hermaður,M
Hermóður,hugaður hermaður,M
Hermundur,gjöf eða vörn hers,M
Hersir,herforingi,M
Hersteinn,her og steinn,M
Hersveinn,her og sveinn,M
Hervaldur,veldi hers,M
Hervarður,sá sem nýtur herverndar,M
Hildibrandur,af hildur; orrusta og brandur; sverð,M
Hildimundur,gjöf eða vörn orrustunnar,M
Hildingur,hermaður,M
Hildir,hermaður,M
Hildiþór,orrustu Þór,M
Hilmar,"úr sænsku, af hilm; hjálmbúinn og -ar; hermaður",M
Hilmir,fornsagnanafn; maður með hjálm. Konungur,M
Hinrik,úr þýsku; Heinrekur; sá sem er valdamikill heima,M
Hjálmar,hjálmur,M
Hjálmtýr,"hjálmur og týr; goð, hetja, eða þjónn. Hermannakenning",M
Hjálmur,hjálmur,M
Hjalti,af sverðshjalt; handhlíf á sverði,M
Hjörleifur,sem erfir sverð. Hjörleifur fóstbróðir Ingólfs Arnarsonar,M
Hjörtur,hjörtur,M
Hjörtþór,hjörtur og Þór,M
Hjörvar,sem nýtur verndar hjörs; sverðs,M
Hlíðar,hlíð og -ar; hermaður,M
Hlífar,"hermaður, sem hlífir, verndar",M
Hlini,"úr ævintýrum, ef til vill veik mynd af trjáheitinu Hlynur. Önnur mynd nafnsins er Hlyni",M
Hlynur,"hlynur, tré, algengt í kenningum",M
Hlöðver eða Hlöðvir,vígamaður,M
Hnikar,Óðinsheiti og merkir bardagamaður,M
Holgeir,dönsk mynd nafnsins Hólmgeir,M
Hólmar,"hómur, vígvöllur og -ar; hermaður",M
Hólmgeir,vopn á vígvelli,M
Hólmgrímur,dulbúinn maður á vígvelli,M
Hólmkell,hólmur og ketill; hjálmur,M
Hólmsteinn,hólmur og steinn,M
Hrafn,hrafn. Hrafn Sveinbjarnarson á Hrafnseyri (d. 1213),M
Hrafnkell,hrafn og ketill; hjálmur,M
Hrannar,"af hrönn; alda, og -ar; hermaður. sjómaður, sæfari",M
Hreggviður,"hregg; stormur, og viður; tré, fornsagnanafn, sem á síðari tímum birtist sem föðurnafn Jóns Hreggviðsson (f. 1650)",M
Hreiðar,"frægur, röskur hermaður",M
Hreiðmar,"frægur, maður",M
Hreinn,hreindýr,M
Hringur,"hringur, baugur",M
Hróar,"af hróður; frægð, og -ar; hermaður",M
Hróbjartur,frægur og bjartur,M
Hróðmar,frægur maður,M
Hrói,ef til vill stytting á Hróð-. Hinn frægi,M
Hrólfur,frægur úlfur,M
Hrollaugur,af hróð- laugur; frægur og bjartur,M
Hugi,hugaður maður,M
Huginn,annar af hröfnum Óðins,M
Huldar,myndað af kvennafninu Hulda sem merkir leynd og viðskeytinu ar sem merkir hermaður,M
Húnbogi,"hún; bjarnardýrsungi, og bogi. Forliðurinn gæti líka átt við þjóðina Húna",M
Hængur,fiskheiti,M
Höður,"vígamaður, eða maður frá Haðalandi í Noregi",M
Högni,verndari,M
Hörður,"annað hvort; hinn harði, eða; maður frá Hörðalandi (fylgi í Noregi)",M
Höskuldur,gráhærður maður,M
Illugi,illskeyttur maður,M
Indriði,einförull maður,M
Ingi,"konungur, eða ættfaðir",M
Ingiberg,sjá Ingibergur,M
Ingibergur,sá sem konungur bjargar,M
Ingibjartur,skínandi konungur,M
Ingibjörn,björn konungs,M
Ingileifur,erfingi konungs,M
Ingimar,Ingi og -mar; frægur konungur,M
Ingimundur,gjöf eða vörn konungs,M
Ingjaldur,af Ingvaldur; máttur konungs,M
Ingólfur,"úlfur konungs. Ingólfur Arnarson, fyrsti landnámsmaður á Íslandi",M
Ingvaldur,máttur konungs,M
Ingvar,hermaður konungs,M
Ingvi,"sama og Yngvi, konungur",M
Ingþór,Ingi og Þór,M
Ísak,"úr hebresku og merkir hlátur. Ísak var sonur Abrahams og Söru (1. Mós. 17,17)",M
Ísidór,úr grísku; gjöf gyðjunnar Ísisar,M
Íslaugur,Ís-bjartur,M
Ísleifur,"ís og leifur; erfingi. Hugsanlegt er að forliðurinn Ís sé dreginn af forna orðinu Ísarn, sem merkir járn. Ísleifur Gissurarson, biskup í Skálholti (1056-1080)",M
Ísleikur,ísa-leikur,M
Ísólfur,ís og úlfur,M
Ívar,"annað hvort ýviður, viðarheiti, og -ar; hermaður, þ.e. hermaður vopnaður ýviðarboga, eða dregið af Ívi; sækonungur og -ar",M
Jafet,úr hebresku og merkir fagur. Einn sonur Nóa hét Jafet,M
Jakob,"úr hebresku og þýðir sá sem heldur um hælinn (1. Mós. 25,26)",M
Janus,"rómverskt goð með tvö andlit, fram og aftur. Mánuðurinn janúar er kenndur við Janus",M
Jason,hetja í grísku goðafræðinni,M
Jarl,valdsmaður,M
Játvarður,"sama nafn og Eðvarð. Úr engilsaxnesku Eadweard; sá sem nýtur verndar auðnu, hamingju",M
Jens,dönsk mynd nafnsins Jóhannes,M
Jes,"úr dönsku, stytting á Jóhannes",M
Jóakim,"úr hebresku; Drottinn reisir við. 16/8. Jóakim í Nasaret, faðir Maríu meyjar",M
Jóel,úr hebresku; Drottinn er Guð,M
Jóhann,stytting á Jóhannes,M
Jóhannes,"úr hebresku; Jochanan; Drottinn er náðugur (Matt. 3,1 og 4,21). 24/6. Jóhannes skírari. 27/3. Jóhannes postuli",M
Jón,"norræn mynd nafnsins Jóhannes. Jón Sigurðsson, forseti (1811-1879). 23/4. Jón Ögmundsson helgi Hólabiskup (d. 1121)",M
Jónas,"grísk mynd hebreska nafnsins Jonah, sem merkir dúfa. Jónas Hallgrímsson, skáld (1807-1845)",M
Jónatan,"úr hebresku Drottinn gaf (1. Sam. 18, 1-4)",M
Jónbjörn,Jón og Björn,M
Jóngeir,samsett af Jón og Geir,M
Jónmundur,samsett af Jón og -mundur; gjöf,M
Jósafat,úr hebresku; Drottinn hefur dæmt,M
Jósef,"úr hebresku, Drottinn mun auka. 19/3. Jósef, faðir Jesú",M
Jósep,sama og Jósef,M
Jósteinn,"jór; hestur, og steinn",M
Júlíus,út latínu og merkir unglingur. Júlímánuður er heitinn eftir Júlíusi Sesar,M
Júníus,"dregið af Júní-mánuði, sem aftur dregur nafn af Júnó, konu Júpiters",M
Jökull,jökull,M
Jörgen,dönsk mynd nafnsins Georg,M
Jörundur,norrænt nafn af jara; orrusta. Líkleg merking stríðsmaður,M
Kalman eða Kalmann,úr írsku; lítil dúfa,M
Karel,slavnesk mynd nafnsins Karl,M
Kári,norrænt nafn og merkir hrokkinhærður. Nafnið er einnig notað sem persónugervingur vinds,M
Karl,karlmaður,M
Karvel,"úr riddarasögum, merking óviss",M
Ketill,"hjálmur, ketill",M
Kjartan,úr írsku (mýrkjartan) merkir e.t.v. herkonungur,M
Klemens,úr latínu; mildur. 23/11. heilagur Klemens frá Alexandríu,M
Klængur,norrænt nafn; fastheldinn,M
Knútur,"norrænt nafn og merkir hnútur. 10/7. Knútur helgi, Danakonungur (d. 1086)",M
Koðrán,"annað hvort írskt nafn, eða önnur mynd nafnsins Konráð",M
Kolbeinn,svartfættur maður,M
Konráð,úr þýsku; djarfráður maður,M
Kormákur,"úr írsku, merki líklega ökusveinn",M
Kornelíus,"rómverskt ættarnafn; göfugur, virtur",M
Kort,"úr þýsku og dönsku, stytting á Konráð",M
Kristberg,Kristur og -bergur; bjargvættur,M
Kristbergur,Kristur og -bergur; bjargvættur,M
Kristbjörn,Kristur og björn,M
Krister,"sænsk/dönsk útgáfa af Christer, sem er sama og Christian, sem á latínu þýðir kristinn maður. Sjá Kristján",M
Kristfinnur,Kristur- og finnur,M
Kristgeir,vopn Krists,M
Kristinn,kristinn maður,M
Kristján,"úr grísku; kristinn maður. Tíu danakonungar hafa borið þetta nafn, og stuðlað að vinsældum þess hér á landi. Kristján Eldjárn, forseti Íslands (1968-1980",M
Kristjón,Kristur og Jón,M
Kristleifur,erfingi Krists,M
Kristmann,maður Krists,M
Kristmar,Kristur og -mar; frægur,M
Kristmundur,gjöf eða vörn Krists,M
Kristófer,"úr grísku Krist-beri. 25/7. heilagur Kristófer, verndardýrlingur ferðamanna",M
Kristvin,vinur Krists,M
Kristþór,Kristur og Þór,M
Krummi,"krummi, hrafn",M
Lár,"uppruni óviss, ef til vill ´lárviður´",M
Lárus,úr latínu; lárviður,M
Leifur,"erfingi, afkomandi",M
Leiknir,leikinn maður,M
Lénharður,"úr þýsku, Leónard; harður sem ljón",M
Leó,"úr latínu; ljón. 11/4. Leó mikli, páfi",M
Leví,úr biblíunni og þýðir sameinaður,M
Liljar,Nafn þetta er myndað af kvennafninu Lilja og viðskeytinu -ar; hermaður,M
Loftur,fleygur,M
Logi,eldur,M
Lúðvík,"úr þýsku, sama nafn og Hlöðver; vígamaður",M
Lúkas,"dregið af latneska orðinu lúx sem þýðir ljós, hinn bjarti",M
Lúther eða Lúter,"úr þýsku. Marteinn Lúther, siðabótafrömuður (1483-1534)",M
Lýður,úr þýsku og dönsku; þjóðhetja,M
Maggi,stytting á Magnús,M
Magni,"af megin; máttur, styrkir. Magni hét sonur Þórs",M
Magnús,"úr latínu; mikill. 16/4. Magnús helgi, Orkneyjarjarl",M
Máni,"máni, tungl. Þorkell máni i Reykjavík, sonur Ingólfs Arnarsonar",M
Már,mávur,M
Marel,líklega samsett af María og Elías,M
Margeir,"mar; hestur, eða sjór, og -geir; spjót, vopn",M
Margrímur,"mar, sjór eða hestur, og Grímur, dulbúinn maður",M
Marías,líklega skylt Maríus; sjómaður,M
Marínó,úr latínu dregið af Maríus,M
Maríus,úr latínu; sjómaður,M
Markús,"úr latínu, dregið af nafni hernaðarguðsins Mars. 25/4. Markús guðspjallarmaður. Af nafninu Markús er dregið ættarnafnið Marx; Karl Marx (1818-1883)",M
Marteinn,"úr latínu; herskár eða hugaður. 11/11. Marteinn helgi, biskup í Tours",M
Marvin,"úr ensku og þýsku. Gæti líka merkt vinur hests, eða hafs",M
Matthías,"grísk mynd hebreska nafnsins Mattheus; gjöf Guðs. Sr. Matthías Jochumsson, höfundur þjóðsöngs Íslendinga (1835-1920). 24/2. Matthías postuli",M
Meyvant,"sennilega þýskt, merking ókunn",M
Mikael,"hebreska; hver er líkur Guði? (Dan. 12,1). 29/9. Mikaelsmessa; Mikael erkiengill",M
Mímir,"jötunninn, sem viskubrunnurinn, Mímisbrunnur, var kenndur við",M
Mörður,"mörður. Sögupersóna Njálssögu, Mörður Valgarðsson, hefur gefið þessu nafni merkinguna svikari, lygari",M
Narfi,grannur. Narfi var sonur Loka,M
Natan,hebreska; gjöf Guðs. (2. Sam. 12),M
Níels,dönsk mynd nafnsins Nikulás,M
Nikulás,"úr grísku; sigur lýðsins. 6/12. Nikulás biskup frá Mýra, sem gefið hefur jólasveinunum nafn (; Sankti Kláus)",M
Nils,stytting nafnsins Nikulás,M
Njáll,úr írsku; hetja. Njáll á Bergþórshvoli,M
Njörður,siglingaguð norrænnar goðafræði,M
Nóel,komið úr orðasambandi sem merki dagur fæðingar (jól),M
Nói,"úr hebresku; langlífur (1. Mós. 6,9)",M
Númi,"úr latínu, nafn á rómverskum konungi",M
Nökkvi,"bátur, skip",M
Oddbergur,sem spjótið bjargar,M
Oddbjörn,samsett af Oddur og Bjarni,M
Oddfreyr,samsett af Oddur og Freyr,M
Oddgeir,spjót,M
Oddi,önnur mynd nafnsins Oddur,M
Oddleifur,erfingi spjóts,M
Oddsteinn,samsett af Oddur og steinn,M
Oddur,oddur. Oddur Gottskálksson (d. 1556) er þýddi Nýja testamentið á íslensku,M
Óðinn,hinn almáttki áss,M
Ófeigur,langlífur,M
Ólafur,"norrænt nafn; Áleifur; erfingi forfeðra. 29/7. Ólafur helgi, Noregskonungur",M
Olgeir,"ef til vill dönsk mynd nafnsins Hólmgeir, eða norrænt nafn; af Alu; vörn og -geri; spjót",M
Óli,stytting á Ólafur,M
Oliver,"franskt nafn, sem merkir ólívutré",M
Ómar,úr arabísku. Persneska skáldið Ómar Khayyám (d. 1123),M
Ormar,frægur ormur,M
Ormur,ormur,M
Orri,fuglsheiti,M
Óskar,úr írsku; andstæðingur,M
Ósvald,sjá Ósvaldur,M
Ósvaldur,"úr ensku, sama nafn og Ásvaldur; máttur, veldi goðanna",M
Óttar,ógnvekjandi hermaður,M
Otti,íslensk mynd nafnsins Ottó,M
Ottó,úr þýsku; auðugur,M
Páll,úr latínu; lítill. 29/6. Páll postuli,M
Pálmar,samsett nafn; Páll og Mar(grét),M
Pálmi,pálmatré,M
Patrekur,"úr írsku, merking ókunn. 17/3. Patrekur helgi, verndardýrlingur Íra (d. 492)",M
Pétur,"úr grísku petros; klettur sem er þýðing arameiska nafnsins Kefas (Matt. 16, 18). 29/6. Pétur postuli",M
Prins,prins,M
Rafael,"af Raphael, úr hebresku og merkir Guð hefur læknað",M
Rafn,sama og Hrafn,M
Ragnar,"norrænt, af rögn; máttarvöld, goð, og -ar; hermaður. Ragnar konungur loðbrók",M
Ragúel,"hebreska, og merkir vinur Guðs",M
Randver,hermaður með skjöld,M
Reginn,"guðlegur, eða konungur",M
Reimar,"úr þýsku, reginn og -mar; goð, frægur",M
Reynir,reynitré,M
Ríkharður,úr þýsku; voldugur,M
Róbert,"úr ensku og frönsku, sama nafn og Hróbjartur",M
Rósmundur,Rós og -mundur; gjöf eða vörn,M
Rúdolf,"þýskt nafn; Hróðólfur, frægur úlfur",M
Rúnar,"úr írsku; elskaður, ástmögur",M
Runólfur,rún; leyndardómur og úlfur,M
Rúrik,"úr rússnesku, sama nafn og Hrærekur; frægur höfðingi",M
Rútur,sama og Hrútur,M
Rögnvaldur,máttur goðanna,M
Salgarður,verdari húss. Fornsagnanafn,M
Salgeir,Kemur fyrir í manntalinu 1910,M
Salómon,"hebreska, dregið af Shalom; friður. Salómon konungur (2. Sam. 12, 24)",M
Salvar,dregið af kvenmannsnafninu Salvör; vernd hússins,M
Samúel,"hebreska; Guð hefur bænheyrt (1. Sam. 1, 20)",M
Sámur,dökkleitur maður. Tíðkaðist frá upphafi og fram eftir öldum. Nafnið kemur fram í bæjarheitinu Sámsstöðum,M
Sandur,"Nafn þetta kemur fyrir á 15. öld, og mun það hafa borizt frá Noregi. Sennilega er það stytting á nafninu Alexander",M
Saxi,"líklega saxneskur maður, fremur en að það sé dregið af vopnsheitinu sax. Við son landnámsmanns er Saxahvoll kenndur",M
Semingur,"áður Sæmingur, maður af ætt Sáms. Kemur fyrir þegar á 10. öld, virðist hafa verið notað eitthvað fram á síðustu aldir, en mun þó hafa verið fátítt lengstum",M
Serkur,"brynja, skyrta. Kemur fyrir um 1100",M
Sesar,"(Cæsar) rómerskt ættarnafn, sem heitin keisari og Zar (; Rússakeisari) eru dregin af",M
Sigar,bardagamaður. Fornsagnanafn,M
Sigbjörn,orrustu-björn,M
Sigfinnur,orrustu Finnur (; maður),M
Sigfús,"fús, viljugur í orrustu. Algengt hér frá landnámsöld",M
Siggautur,Óðinsheiti,M
Siggeir,"vopn í orrustu, eða sigur-vopn. Nafn þetta kemur fyrir í fornsögum, og það hefur verið notað að skírnarnafni síðustu öld og lengur",M
Sighjálmur,Fornsagnanafn,M
Sighvatur,hugaður í orrustu,M
Sigmar,"frægur í orrustu, eða sigri",M
Sigmundur,vörn í orrustu. Algengt hér frá upphafi,M
Signar,Kemur fyrir á 15. öld,M
Sigríkur,sigur-voldugur. Kemur fyrir í manntalinu 1910,M
Sigsteinn,orrustu-steinn,M
Sigtryggur,traustur í orrustu,M
Sigtýr,orrustu-Týr. Óðinsheiti. Kemur fyrir í manntalinu 1910,M
Sigurbergur,hjálp í orrustu,M
Sigurbjartur,bjartur í sigri,M
Sigurbjörn,sigur-björn,M
Sigurdór,sigur og Þór,M
Sigurður,vörður eða vernd í orrustu. Sigurður Breiðfjörð (1798-1846) skáld. Nafn þetta hefur mjög mikið verið notað frá landnámsöld. Árið 1910 var það þriðja algengasta karlmannsnafn á öllu landinu,M
Sigurfinnur,sigursæll maður,M
Sigurgarður,Í manntölunum 1855 og 1910,M
Sigurgeir,sigur-vopn,M
Sigurgestur,samsett af Sigur- og Gestur,M
Sigurgrímur,Í manntölunum 1855 og 1910,M
Sigurgísli,samsett af Sigur- og Gísli,M
Sigurgrímur,dulbúinn í orrustu,M
Sigurhaddur,Kemur fyrir í Gísla sögu Súrssonar um danskan mann,M
Sigurhans,samsett af Sigur- og Hans,M
Sigurhjörtur,samsett af Sigur og Hjörtur,M
Sigurjón,sigur og Jón,M
Sigurkarl,sigur- og Karl,M
Sigurlami,Fornsagnanafn,M
Sigurlaugur,"bjartur í sigri, eða orrustu",M
Sigurleifur,Í manntalinu 1910,M
Sigurliði,sigursæll hermaður,M
Sigurlinni,sigur og linni; ormur,M
Sigurmundur,gjöf eða vörn sigursins,M
Siguróli,samsett af Sigur- og Óli,M
Sigurpáll,samsett af Sigur- og Páll,M
Sigursteindór,samsett af Sigur- og Steindór,M
Sigursteinn,sigur og steinn,M
Sigursveinn,sigursæll sveinn,M
Sigurvaldi,sá sem er máttugur í sigri,M
Sigurvin,vinur í orrustu,M
Sigurþór,sigursæll Þór,M
Sigvaldi,"sá sem er máttugur í sigri, eða orrustu",M
Sigvarður,"vörn í orrustu, sama og Sigurður",M
Sigþér,sigur-þjónn. Óðinsheiti,M
Sigþór,orrustu-Þór,M
Sindri,"af so. sindura; ljóma, gneista. Dvergsheiti. Sindri hét maður á 13. öld. Hefur verið notað að skírnarheiti á þessari öld",M
Sinfjötli,Fornsagnaheiti,M
Sírekur,Kemur fram í bæjarnafninu Síreksstöðum,M
Sírnir,Fornsagnanafn,M
Sjárekur,"sækonungur. Kemur fyrir um 1000. Önnur mynd nafnsins er Særekur, og er hvortveggi rétt",M
Sjólfur,sæ-úlfur. Fornsagnanafn,M
Sjóni,skarpskyggn maður. Önundur sjóni var uppi á 10. öld,M
Sjöundi,"raðtalan sjöundi, sbr. t. a. m. Óðinsheitið Þriðji. Nafn þetta kemur e. t. v. fyrir á 14. öld og varðveitist einnig í bæjarheitunum Sjöundastöðum og Sjöundá",M
Símon,grísk mynd hebreska nafnsins Simeon; sá sem hlustar,M
Skafhöggur,Kemur fyrir í konungasögum,M
Skafti,af orðinu (spjóts-) skaft. Hefur tíðkazt hér frá öndverðu,M
Skagi,eflaust sama orðið og skagi (nes). Landnámsmaður hét þessu heiti,M
Skallagrímur,"Í Egils sögu er nafn Skallagríms skýrt á þann veg, að hann hafi upprunalega heitið Grímur og orðið sköllóttur ungur. Auk hans er kunnugt um annan mann, sem hét þessu nafni. Það var Skallagrímur Auðunarson, sem lézt árið 1353",M
Skalli,sköllóttur maður. Nafn þetta kemur örfáum sinnum fyrir að fornu,M
Skammkell,"skammjur og Ketill. Eini maðurinn, sem er kunnugt er um og svo hefur heitið, er Skammkell í Njáls sögu",M
Skarði,"af orðinu skarð. Merkilegt er um þetta heiti, að það kemur þrívegis fyrir að seinna nafni manna, sem hétu Þorgils að fyrra nafni. Elztur var Þorgils skarði, bróðir Kormáks skálds, á 10. öld. Næstur var Þorgils skarði Böðvarsson á 13. öld, og loks geta annálar um Þorgils skarða, sem lézt árið 1349",M
Skarpur,fuglsheiti. Kemur fyrir á 10. öld,M
Skarphéðinn,skarpur og héðinn; skinnfeldur. Skarphéðinn Njálsson á Bergþórshvoli,M
Skati,"örlátur maður. Sonur landnámsmanns hét Skati, og nafnið kemur fram í bæjarheitinu Skatastöðum",M
Skári,"fuglsheiti. Kemur fram í bæjarheitinu Skárastöðum, og í Þórðar sögu hreðu er getið um Grím Skárason",M
Skefill,sverðsheiti. Landnámsmaður hét þessu heiti og það kemur fram í bæjarnafninu Skefilsstöðum,M
Skeggaldur,sömu merkingar og Skeggvaldi. Kemur fram í bæjarheitinu Skeggaldsstöðum,M
Skeggi,"skeggjaður maður, -karlmannskenning",M
Skeggur,"skeggjaður maður. Bæjarnafnið Skeggstaðir bendir til þess, að nafn þetta hafi verið notað hér",M
Skeggvaldi,sá sem veldur öxi. Kemur fyrir á 15. öld,M
Skeifur,"hallur, skakkur. Kemur örfáum sinnum fyrir að fornu",M
Skeljungur,hvalsheiti. Kemur örfáum sinnum fyrir að fornu og varðveitist í bæjarheitinu Skeljungsstöðum,M
Skerðingur,maður af ætt Skarða. Kemur fram í bæjarheitinu Skerðingsstöðum. Skerðingur er einning sverðsheiti,M
Skerpingur,af orðinu skarður. Kemur fram í bæjarheitinu Skerpingsstöðum,M
Skíði,"af orðinu skíð(i), en skíði var einnig fuglsheiti. Tíðkaðist hér frá upphafi og fram á 18. öld",M
Skírnir,sendiboði Freys,M
Skjaldbjörn,Skjöldur og Björn. Kemur fyrir á landnámsöld,M
Skjálgur,"rangeygður. Nafn þetta kemur fyrir hérlendis á 13. öld, en örnefni sýna, að það hefur verið notað hér miklu fyrr",M
Skjöldólfur,"Skjöldur og Úlfur. Tveir landnámsmenn hétu þessu heiti, og eru Skjöldólfsstaðir kenndir við annan og Skjöldólfsnes við hinn. Að þessu slepptu er ekki vitað um notkun þessa heitis hérlendis",M
Skjöldur,skjöldur,M
Skólmur,merking vafasöm. Kemur fyrir á 10. öld,M
Skopti,"af orðinu skopt, hár á höfði. Nokkrir Íslendingar báru þetta heiti að fornu, en stundum virðist því hafa verið ruglað saman við mannsnafnið Skafti (Skarpti). Skopti kemur fram í bæjarnafninu Skoptastöðum, sem nú kallast Skottastaðir",M
Skorri,"e. t. v. hávær maður. Kemur fyrir á 10. öld, og frá þeim tíma stafa Skorradalur og fleiri örnefni. Skorrastaðir eru og til. Nafn þetta hefur verið endurvakið á þessari öld",M
Skúfur,"fuglsheiti. Kemur fyrir nokkrum sinnum frá því á 10. og fram á 15. öld, en virðist hafa verið fátítt heiti. Skúfsstaðir heitir bær",M
Skúli,verndari. Hefur tíðkazt hér frá upphafi,M
Skúma,sennilga skylt sögninni að skúma (skotra til augum). Kemur fyrir á 13. öld,M
Skúmur,skuggalegur maður. Tíðkaðist frá upphafi og fram eftir öldum. Bær heitir Skúmsstaðir,M
Skúta,sennilega skylt orðinu skúti (hellir). Um heiti þetta eru nokkur forn dæmi. Við Víga-Skútu eru Skútustaðir kenndir. Nafnið kemur fyrir í manntalinu 1910,M
Skæringur,"afkomandi SKára (mannsnafn, en merkir ungur fugl)",M
Slítandi,"Þórður slítandi hét landnámsmaður, og Slítandastaðir hét bær (Slitvindastaðir)",M
Smári,jurt,M
Smiðkell,Smiður og Ketill. Kemur fyrir á landnámsöld,M
Smiður,kemur fyrir á landnámsöld og síðan annað veifið fram á 17. öld,M
Snari,snarmenni. Kemur fyrir á 15. öld,M
Snerrir,óstýrlátur maður,M
Snjólfur,snæ-úlfur,M
Snorri,norrænt nafn er merkir óstýrlátur. Snorri Sturluson í Reykholti (d. 1241),M
Snæbjörn,snjór og björn,M
Snækollur,Virðist koma fyrir á 10. öld,M
Snælaugur,snjó-hreinn. Kemur fyrir í manntalinu 1910,M
Snæólfur,"snæ-úlfur,sjá Snjólfur",M
Snær,snjór,M
Snævar,Fornsagnanafn,M
Snæþór,snær og Þór,M
Snörtur,ötull maður. Kemur fyrir á landnámsöld og fram eftir. Bær heitir Snartarstaðir,M
Sokki,þungstígur maður. Tíðkaðist frá upphafi og fram á 15. öld,M
Sophus,sjá Sófu,M
Sófonías,"sama og Zophonías, sjá þar",M
Sófus,úr grísku; vitur,M
Sólar,Fornsagnanafn,M
Sólberg,sól- og bergur; bjargvættur,M
Sólbergur,Kemur fyrir í manntalinu 1910,M
Sólbjartur,kemur fyrir í Fjölsvinnsmálum og manntalinu 1910,M
Sólmundur,gjöf sólar,M
Sólon,úr grísku,M
Sóti,dökkleitur maður. Sóti undir Sótafelli hét landnámsmaður. Í fornsögum eru ýmsir víkingar kallaðir þessu heiti,M
Spör,fuglsheiti. Tveir menn á landnámsöld báru nafnið að síðara heiti,M
Stafngrímur,"Við mann, sem hét þessu heiti og var uppi á 10. öld, eru Stafngrímsstaðir kenndir",M
Stari eða Starri,fuglsheiti. Ósveigjanlegur,M
Starkarður,styrkur hermaður,M
Starólfur,Fornsagnanafn,M
Stefán,"úr grísku; sigursveigur,blómsveigur, kóróna. 26/12. Stefán frumvottur (Post. 6,8)",M
Stefnir,"sá sem stýrir, ræður",M
Steinar,steinn og -ar; hermaður,M
Steinberg,bjartvættur steins,M
Steinbjörn,Steinn og Björn. Kemur fyrir á landnámsöld. Steinbjarnartunga heitir bær. Nafnsins er getið í manntalinu 1910,M
Steindór,steinn og Þór,M
Steinfinnur,Steinn og Finnur. Steinfinnur á Steinfinnsstöðum hét landnámsmaður,M
Steingrímur,Steinn og Grímur; dulbúinn maður,M
Steini,veik mynd Steins-nafnsins. Hefur verið notað hér frá upphafi,M
Steinkell,Steinn og Ketill. Fornsagnanafn,M
Steinleifur,Steinn og Leifur. Kemur fyrir í manntalinu 1910,M
Steinmar,frægur Steinn. Kemur fyrir í manntalinu 1910,M
Steinmóður,stein-djarfur. Tíðkaðist töluvert frá upphafi og fram eftir öldum og mun einnig vera notað á vorum dögum,M
Steinn,steinn. Steinn Steinarr var skáldanafn Aðalsteins Kristmundssonar (1908-1958),M
Steinólfur,steinn og úlfur. Hefur verið notað frá landnámsöld,M
Steinröður,sá sem steinn verndar. Kemur fyrir á landnámsöld og sjaldan síðar. Steinröðarstaðir heitir bær. (Steinvarður),M
Steinþór,steinn og Þór,M
Stígandi,skrefstór maður. Kemur fyrir á 10. öld,M
Stígur,"göngumaður, vegfarandi",M
Stórólfur,mikill úlfur. Við landnámsmann er Stórólfshvoll kenndur,M
Stórverkur,mikilvirkur. Fornsagnanafn,M
Stúfur,lítill maður. Kemur örsjaldan fyrir á 11. öld og síðar,M
Sturla,"óeirinn, ófriðsamur maður. Sturla Þórðarson, sagnaritari 8d. 1284)",M
Sturlaugur,stur = styrr; orrusta. Bjartur í orrustu,M
Styr,"ófriður, orrusta. Fyrsti Íslendingurinn, sem kunnur er með þessu heiti, er Víga-Styr",M
Styrbjörn,"orrustu, björn",M
Styrkár,hrokkinhærður stríðsmaður,M
Styrmir,sá sem stormar fram,M
Störkuður,styrkur hermaður. Önnur mynd þessa heitis er Starkaður,M
Sumarliði,sá sem er í víking á sumrum,M
Sunnólfur,suðrænn úlfur. Kemur örsjaldan fyrir að fornu,M
Surtur,"svarthærður maður. Nafnið var algengt hér á 10. öld, en virðist lítt hafa verið notað eftir 1100",M
Súgandi,"skylt orðinu súgur (vindur, sollið haf). Kemur nokkrum sinnum fyrir að fornu",M
Svaði,"svaðilmenni. Á 10. öld var uppi Svaði á Svaðastöðum, en nafn þetta virðist hafa verið mjög fátítt",M
Svafar,sjá Svavar,M
Svalur,kaldur. Kemur fyrir á 12. öld,M
Svanberg,bjartvættur svans,M
Svanbergur,Svanur og Bergur. Kemur fyrir í manntalinu 1910,M
Svanbjörn,svanur og björn,M
Svanlaugur,svan-bjartur. Kemur fyrir 1855 og 1910,M
Svanur,fuglsheitið Svanur,M
Svarthöfði,svarthærður maður. Tíðkaðist frá landnámsöld og fram á 18. öld,M
Svartkell,Svartur og Ketill. Heiti landnámsmanns,M
Svartur,svarthærður. Tíðkaðist frá upphafi og fram á 18. öld,M
Svavar,"svafneskur, frá Schwaben í Þýskalandi",M
Sváfnir,"sá sem svæfir, deyðir. Óðinsheiti",M
Sveinbjartur,Sveinn og Bjartur. Kemur fyrir í manntalinu 1910,M
Sveinbjörn,Sveinn og Björ,M
Sveinlaugur,svein-bjartur. Kemur fyrir í manntalinu 1910,M
Sveinmar,Í manntalinu 1910,M
Sveinn,"drengur, þjónn. Sveinn Björnsson, 1. forseti Íslands (1944-1952)",M
Sveinungi,afkomandi Sveins. Nafn þetta hefur tíðkazt hér a. m. k. síðan á 15. öld,M
Sveinungur,"afkomandi Sveins. Landnámsmaður einn hét Sveinungur í Sveinungsvík, og örfá önnur dæmi eru um heitið að fornu. Þegar fram líða stundir, virðist veika myndin (Sveinungi) hafa útrýmt þessari",M
Sveinþór,kemur fyrir í manntalinu 1910,M
Sverrir,"óstýrlátur, ófriðsamur maður",M
Svertingur,afkomandi Svarts. Tíðkaðist hér frá upphafi og langt fram eftir öldum. Þrír bæir heita Svertingsstaði,M
Sviði,Fornsagnanafn,M
Svipall,breytilegur. Óðinsheiti,M
Svipdagur,Fornsagnanafn,M
Svipmundur,Kemur fyrir í manntölunum 1855 og 1910,M
Svipuður,snöggur í hreyfingum; sverðsheiti. Fornsagnanafn,M
Svipur,yfirbragð. Fornsagnanafn,M
Svölnir,Óðinsheiti,M
Svörfuður,"sennilega skylt sögninni að svarfa, sem merkti að eyðileggja. Þorsteinn svörfuður nam Svarfaðardal",M
Sýrus,"sama og Cýrus = Kýros, persneskt konungsnafn",M
Sæbjörn,sær og björn,M
Sæfari,farmaður. Fornsagnanafn,M
Sæfinnur,sær og Finnur. Hefur tíðkazt hér a. m. k. síðan á 17. öld,M
Sæmingur,"afkomandi Sáms. Sjá Semingur. Báðar nafnsmyndir mega teljast réttar, Sæmingur og Semingur",M
Sæmundur,gjöf hafsin,M
Særekur,sækonungur. Sbr. Sjárekur,M
Sævaldi,sækonungur. Gervinafn í Sólarljóðum,M
Sævaldur,máttugur á sæ,M
Sævar,"farmaður, eða hermaður á sæ",M
Sæviður,Fornsagnanafn,M
Sævill,Fornsagnanafn,M
Sæþór,sbr. Hafþór,M
Sökkólfur,"merking vafasöm. Við landnámsmann er Sökkólfsdalur kenndur, og nafnið kemur örsjaldan fyrir síðar",M
Sölvar,gráklæddur hermaður. Fornsagnanafn,M
Sölvi,"annað hvort dregið af Sal-(; hús) og -vér; hetja, verndari, eða; fölleitur maður",M
Sören,"úr dönsku, ummyndun latneska nafnsins Severin; strangur",M
Tandri,"Logi, eldur",M
Tanni,af orðinu tönn. Var notað hér á 10. öld og fram eftir öldum. Kemur fram í bæjarnafninu Tannanesi,M
Tannur,af orðinu tönn. Kemur nokkrum sinnum fyrir á 12. öld og síðar varðveitist í bæjarnafninu Tannsstöðum,M
Teiti,hinn glaði. Fornsagnasafn,M
Teitur,"kátur, glaður",M
Theódór,úr grísku; gjöf Guðs,M
Tindur,"(fjalls-)tindur, sbr. nöfnin Núpur og Knjúkur. Tindur á Tindsstöðum var uppi á landnámsöld, og nafnið kemur nokkrum sinnum fyrir allt fram á 17. öld",M
Tjörvi,tjör; vopn,M
Torfi,af orðinu torf,M
Torráður,"sá sem leysir úr vandamálum. Kemur fyrir nokkrum sinnum að fornu, allt fram á 14. öld",M
Tortryggur,Gervinafn Þormóðs í Fóstbræðra sögu,M
Tófi,"forndanskt stuttnefni. Kemur fram í bæjarnafninu Tókastöðum, og er auk þess notað í fornsögum",M
Tómas,"úr hebresku og merkir tvíburi. Tómas Guðmundsson, skáld (1901-1983)",M
Tósti,forndanskt stuttnefni. Kemur nokkrum sinnum fyrir á 10. og fram á 13. öld,M
Trandill,"merking vafasöm. Á 10. öld var uppi Þorkell Trandill, faðir Gauks, og frá honum mun bæjarheitið Trandilsstaðir stafa. Um 1100 var uppi annar Þorkell trandill",M
Trausti,traustur maður,M
Trefill,eflaust sama orðið og trefill (klútur). Þorkell trefill var uppi á 10. öld,M
Tristan,Heimildir eru um nafnið frá síðari hluta 18. aldar og var það ritað Silpha. Nafnmyndin Sylva þekkist í Noregi sem hliðarmynd af Sylvia en er einnig talin mynduð beint af latneska nafnorðinu silva ´skógur´. Íslenska nafnið Silfá er lagað eftir þeirri nafnmynd,M
Tryggvi,trygglyndur maður,M
Tumas,"íslenzkt afbrigði Tómasarnafnsins, og mun það sennilega sýna áhrif af heitinum Tumi. Tumas kemur fyrir a. m. k. frá 15. og fram á 18. öld",M
Tumi,forn stytting á Tómas,M
Týr,hetja eða guð. Týr var einn af ásum,M
Tyrfingur,"sverðsheiti, eða af ætt Torfa",M
Ubbi,"úfinn, andvígur. Fornsagnanafn",M
Uggi,"uggvænlegur, óttalegur",M
Ullur,merking vafasöm. Kemur fyrir um 1200,M
Uni,sá sem unir vel,M
Úlfar,úlfur og -ar; hermaður,M
Úlfarinn,"úlfur og arinn (örn er ósennilegra). Landnámsmaður er ýmist nefndur Álfarinn eða Úlfarinn, en annars kemur nafnið ekki fyrir. Hins vegar bendisr kvenmannsnafnið Úlfarna til, að karlmannsnafn þetta hefi verið til",M
Úlfgestur,Úlfur og Gestur. Kemur fyrir í fornsögum,M
Úlfamur,"varg-staka, úlfs-skinn. Fornsagnanafn",M
Úlfhéðinn,"varg-staka, úlfs-skinn. Tíðkaðist hér frá öndverðu og fram eftir öldum",M
Úlfkell,Úlfur og Ketill. Kemur fyrir á 10. öld,M
Úlfljótur,"úlfur og ljótur; bjartur. Úlfljótur, fyrsti lögsögumaður íslenska þjóðveldisins",M
Úlfrekur,"úlf-ríkur (voldugur). Kemur fyrir í Hjálmþés rímum. Í manntalinu 1910 er getið útlends nafns af þessum toga (þ. e. Ulrick), en slíkt heiti væri brot á landslögum, ef nú væri notað",M
Úlfur,úlfur,M
Úlrik,úr þýsku; erfingi óðals,M
Unnar,"dregið af Unnur; alda, eða af so. unna; elska",M
Unnbjörn,öldu-björn,M
Unndór,öldu-þór,M
Unnólfur,"öldu-úlfur, sbr. nafnið Sjólfur (Sæúlfur). Kemur fram í bæjarheitinu Unnólfsstöðum",M
Unnsteinn,öldu-steinn,M
Unnþór,öldu-Þór,M
Uxi,dýrsheiti. Kemur nokkrum sinnum fyrir að fornu,M
Vaði,skylt sögninni að vaða. Kemur fyrir á landnámsöld,M
Vagn,vagn,M
Vakur,"árvakur maður. Kemur fyrir að fornu, og þrír bæir heita Vakursstaðir",M
Valberg eða Valbergur,sem bjargast úr valnum,M
Valbrandur,útlendur (valskur) brandur. Kemur fyrir nokkrum sinnum að forna,M
Valbjörn,"val-; annað hvort valur; fugl, eða vígavöllur",M
Valdar,voldugur hermaður. Fornsagnanafn,M
Valdi,fornt stuttnefni. Hefur tíðkazt hér frá fornöld og kemur fram í bæjarnafninu Valdastöðum,M
Valdimar,úr rússnesku Vladimir; voldugur höfðingi,M
Valdór,valur og Þór,M
Valgarð,sjá Valgarður,M
Valgarður,"sem gætir vals, vígvallar",M
Valgautur,"Óðinsheiti. Forliðurinn er tvímælalaust orðið valur (fallnir menn), enda var Gautur einnig Óðinsheiti, og fallnir menn fóru til Valhallar. Valgautur er einnig notað í fornsögu",M
Valgeir,valur og geir; vopn,M
Valgrímur,heiti þetta virðist vera myndað á svipaðan hátt og Valgautur og vera sömu merkingar. Kemur fyrir í manntalinu 1910,M
Váli,merking óviss. Kemur nokkrum sinnum fyrir að fornu. Í Kormáks sögu er getið um Válastaði,M
Valmundur,vörn vals,M
Valsteinn,kemur fyrir í manntalinu 1910,M
Valtýr,"hefja vals, vígvallar",M
Valur,fugl,M
Valþjófur,"þjónn útlendra (valskra) manna. Tíðkaðist í heiðni, en virðist lítt hafa verið notað síðan. Þrír bæir heita Valþjófsstaðir",M
Valþór,Valur og Þór,M
Vandráður,sá sem leysir úr örðugum málum. Kemur nokkrum sinnum fyrir að fornu,M
Varði,stuttnefni. Kemur fyrir að fornu,M
Vatnar,fornsagnanafn,M
Vébjörn,"vé; helgistaður, helgidómur, og björn. Björn helgaður véum. Kemur örsjaldan fyrir að fornu og varðveitist í örnefninu Vébjarnarnesi",M
Véboði,gervinafn í Sólarljóðum,M
Vébrandur,Brandur helgaður véum. Kemur fyrir í heiðnum sið,M
Véfreður,sá sem nýtur verndar vés. Véfreður landnámsmaður er einn um þetta heiti,M
Végarður,sá sem vé vernda. Fornsagnanafn,M
Végeir,"Geir helgaður véum. ,Geir hét maður ágætur í Sogni; hann var kallaður Végeir, því hann var blótmaður mikill. Hann átti mörg börn. Vébjörn Sygnakappi var elztur sona hans, og Vésteinn, Véþormur, Vémundur, Végestur og Véþorn, en Védís dóttir(Landnáma). Bæjarnafnið Végeirsstaðir sýnir, að mannsnafnið Végeir hefur verið notað hér",M
Végestur,Gestur helgaður véum. Tveir menn báru þetta heiti í heiðnum sið,M
Veigar,sterkur hermaður,M
Vékall,"Ketill helgaður véum. Við Vékel landnámsmann voru Vékelshaugar kenndir, og hann er einn um nafnið",M
Véleifur,Leifur helgaður véum. Kemur örfáum sinnum fyrir að fornum sið,M
Vémundur,sá sem vé vernda. Þetta var algengasta Vé- nafnið hérlendis og kemur alloft fyrir í heiðnum sið. Vémundarstaðir heitir bær. Vémundur kemur fyrir í manntalinu 1910,M
Vermundur,vörn manns,M
Vernharður,úr þýsku (Werner); sterkur verndari,M
Vernharð,sjá Vernharður,M
Véseti,Fornsagnanafn,M
Vestar,"vestrænn hermaður. Kemur fyrir nokkrum sinnum á fyrstu öldum landsbyggðar. Ýmis örnefni varðveita þetta nafn, svo sem Vestarsnes og Vestarsfell",M
Vésteinn,helgaður steinn,M
Vestgeir,vestrænt spjót. Kemur fyrir á 10. öld,M
Vestliði,sá sem fer í vesturvíking. Kemur nokkrum sinnum fyrir að fornu og varðveitist í bæjarnafninu Vestliðaeyri,M
Vestmaður,"vestrænn maður. Kemur fyrir nokkrum sinnum að fornu, fram á 15. öld. Í manntalinu 1910 kemur myndin Vestmann fyrir, og sýnir hún áhrif frá útlendum tökuheitum, sem enda á -mann",M
Vestmar,frægur maður að vestan. Kemur fyrir á landnámsöld,M
Véttleifur,merking vafasöm. Kemur fram í bæjarnafninu Véttleifsholti,M
Véþormur,sá sem vé þyrma eða sá sem þyrmir véum. Kemur fyrir í heiðnum sið,M
Véþorn,þyrnir (þorn) helgaður véum. Landnámsmaður hét þessu heiti,M
Veturliði,sem fer í víking um vetur,M
Viðar,Viður; skógur og -ar; hermaður,M
Víðar,sonur Óðins,M
Víðfari,víðförull. Kemur fyrir á 10. öld,M
Víðbjóður,herskár maður. Faðir landnámsmanns hét þessu heiti,M
Viðfinnur,viður og Finnur. Goðsagnaheiti,M
Víðir,tré,M
Víðkunnur,víðfrægur. Kemur fyrir á 12. öld,M
Viðnæmur,sá sem veitir viðnám. Kemur fyrst fyrir á 13. öld,M
Viðólfur,viðar-úlfur. Kemur fyrir í Hyndluljóðum,M
Vífill,"óviss merking, e.t.v. skylt víf; kona. Vífill var þræll Ingólfs",M
Vígbrandur,víg-sverð. Fornsagnanafn,M
Vígdvalinn,sá sem hikar að vega. Gervinafn í Sólarljóðum,M
Viggó,dönsk mynd nafnsins Vöggur; með vaggandi göngulag,M
Vígharður,harður til víga. Fornsagnanafn,M
Víghvatur,"fús til víga. (Sömu merkingar eru nöfnin; Gunnhvatur, Fólkhvatur og Sighvatur). Kemur fyrir frá því um 1300 og fram á 18. öld",M
Vígi,vígur maður. Kemur fram á 10. öld og varðveitist í bæjarnafninu Vígastöðum,M
Víglogi,orrustu-eldur. Fornsagnanafn,M
Víglundur,hermaður,M
Vígmundur,verndaður í orrustu. Kemur fyrir í manntalinu 1910,M
Vignir,stríðsmaður. Þórsheiti,M
Vígnir,"bardagamaður. Fornsagnanafn. Frá þessu heiti stafar nafnið Vignir, sem nú tíðkast, enda fer vel á því",M
Vígólfur,orrustu-úlfur. Kemur fram í bæjarnafninu Vígólfsstöðum,M
Vígsterkur,kemur fyrir í ætt landnámsmanns,M
Vígvarður,orrustu-vörður. Kemur fyrir í Mágus rímum,M
Víkar,sá sem herjar í víkum. Kemur fyrir nokkrum sinnum að fornu. Víkarsstaðir heitir bær,M
Vikar,ef til vill; víkingur,M
Víkingur,"víkingur. Orðið mun dregið af Víkinni,Óslóarfirði í Noregi eða; sá sem leynist í víkum og vogum",M
Viktor,"úr latínu; sigurvegari. Vigfús, af víg; orrusta, og fús. Herskár",M
Vilbaldur,"tökuheiti úr fornensku, Willebald, viljadjarfur. Landnámsmaður hét þessu nafni",M
Vilberg,sjá Vilbergur,M
Vilbergur,"vil; dregið af vild, virðing; frábær hjálp",M
Vilgeir,vildar-spjót. Kemur fyrir á landnámsöld,M
Vilhelm,sjá Vilhjálmur,M
Vilhjálmur,"tökuheiti úr fornensku, Wilhelm, vildarhjálmur. Kemur fyrir á 13. öld og hefur tíðkazt síðan",M
Viligísl,"vildar-gísl. Þórólfur viligísl hét faðir Kleppjárns gamla. Sennilega tökuheiti úr fornensku, Wilgísl",M
Villingur,villtur. Kemur fyrir á 14. öld,M
Vilmundur,"vildar-vernd. Fyrsti Íslendingurinn, sem kunnugt er um og hét þessu heiti, var Vilmundur Þórólfsson ábóti á Þingeyrum(d. 1148). Nafnið hefur tíðkazt síðan",M
Vilmar,úr þýsku; frábær hermaður,M
Vilmundur,"vildar, frábær vernd, eða gjöf",M
Vindálfur,dvergsheiti,M
Vöggur,með vaggandi göngulag. Smábarn,M
Völsungur,Fornsagnanafn,M
Völundur,dvergsheiti. Hagleiksmaður,M
Vöttur,Fornsagnanafn,M
Ylfingur,maður af ætt Úlfs. Fornsagnanafn,M
Ýmir,"jötunninn, sem Óðinn skóp jörðina af",M
Yngvar,sama og Ingvar,M
Yngvi,sama og Ingvi og Ingi; konungur. Annað nafn Freys. Ættmenn hans á konungsstóli Svíþjóðar voru kallaðir Ynglingar,M
Yngvin,Fornsagnanafn,M
Zophonías,"hebreska, sama og Stefanía, og merkir Drottinn hefur hulið (2. Kon. 25, 18)",M
Þakkráður,Kemur fyrir í Völundarkviðu,M
Þengill,konungur,M
Þiðrandi,stareygður maður. Kemur fyrir í heiðnum sið og í manntalinu 1910,M
Þiðrekur,sjá Þjóðrekur,M
Þiðrik,"úr þýsku; þjóð, ríkur = voldugur",M
Þjálfi,"sennilega skylt sögninni að þjálfa (st). Þorkell þjálfi hét landnámsmaður, og Þjálfi hét sveinn Þórs",M
Þjóðar,voldugur hermaður. Kemur fyrir á landnámsöld,M
Þjóðbjörn,þjóð og Björn. Kemur fyrir á landnámsöld,M
Þjóðgeir,þjóð og Geir. Kemur fyrir um 1000,M
Þjóðleifur,þjóð og Leifur. Kemur fyrir í manntalinu 1910,M
Þjóðmar,þjóð-frægur. Fornsagnanafn,M
Þjóðólfur,"þjóð og Úlfur. Tíðkaðist frá upphafi og fram á 16. öld og kemur fyrir í manntalinu 1910. Kemur fyrir í ýmsum örnefnum; Þjóðólfshaga, Þjóðólfshöfn, Þjóðólfsholti, Þjóðólfstungu",M
Þjóðrekur,"voldugur konungur. Þjóðrekur kemur fyrir nokkrum sinnum í heiðnum sið, og frá landnámsöld stafar örnefnið Þjóðreksskáli. Síðar berst hingað þýzka tökuheitið Þiðrekur og er sömu merkingar og Þjóðrekur, og mun það heiti hafa aukizt að vinsældum fyrir áhrif frá Þiðreks sögu af Bern. Enn síðar berst hingað myndin Þiðrik, og loks fer Diðrik að tíðkast. Diðrik og Þiðrik koma fyrir í manntölunum 1855 og 1910, en einsætt er, að nafn þetta er Þjóðrekur á íslenzku, og mætti jafnvel una við nafnið Þiðrekur",M
Þjóstar,skapmikill hermaður. Kemur fyrir á 10. öld,M
Þjóstólfur,skapmikill úlfur. Kemur nokkrum sinnum fyrir í fornöld,M
Þór,"þrumuguðinn, einn af Ásum. Vinsælasta karlmannsnafnið á Íslandi undanfarin ár",M
Þórarinn,Þór og -arinn; heimili,M
Þorbergur,"sem Þór bjargar. Þórbergur Þórðarson, rithöfundur (1889-1974)",M
Þorbjörn,Þór og björn,M
Þorbrandur,Þór og Brandur. Algengt í heiðnum sið og kemur fyrir í manntalinu 1910,M
Þórður,af Þór-varður; sem Þór verndar,M
Þorfinnur,Þór og Finnur; maður Þórs,M
Þorgarður,sá sem Þór verndar. Fornsagnanafn,M
Þorgautur,"Þór og Gautur. Þorgautur á Þorgautsstöðum var uppi á landnámsöld, og auk þess báru nokkrir Íslendingar þetta heiti að fornu",M
Þorgeir,vopn Þórs,M
Þorgestur,Þór og Gestur. Kemur nokkrum sinnum fyrir í heiðnum sið,M
Þorgils,gísl Þórs,M
Þórgnýr,þruma,M
Þorgrímur,Þór og Grímur; dulbúinn maður,M
Þórhalli,"Þór og Halli. Kemur fyrir þegar á landnámsöld og virðist hafa tíðkazt síðan, en þó verið fágætt",M
Þórhallur,Þór og Hallur; steinn,M
Þórir,Þór og vér; bardagamaður,M
Þorkell,Þór-ketill; hjálmur Þórs,M
Þorlákur,leikur Þórs. 23/12. Þorlákur helgi biskup í Skálholti (d. 1193),M
Þorlaugur,Þór-bjartur. Kemur fyrir í manntalinu 1910,M
Þorleifur,erfingi Þórs,M
Þorleikur,bardagamaður helgaður Þór. Þetta er önnur mynd Þorláks-nafnsins og upprunalegri. Hún kemur fyrir fram á 18. öld og varðveitist raunar í bæjarnafninu Þorleiksstöðum,M
Þorljótur,Þór-bjartur. Tíðkaðist frá upphafi og fram eftir öldum og kemur fram í bæjarnafninu Þorljótsstöðum,M
Þórlindur,líkl. samsett Þór- og Erlendur,M
Þormar,frægur sem Þór,M
Þormóður,Þór-djarfur. Hefur tíðkazt frá upphafi,M
Þormundur,sá sem nýtur verndar Þórs. Kemur fyrir í manntalinu 1910 (Þórmundur),M
Þóroddur,vopn Þórs,M
Þórólfur,Þór og úlfur,M
Þorri,"mánaðarheiti, skylt þurr",M
Þorsteinn,steinn Þórs,M
Þorvaldur,"veldi, máttur Þórs",M
Þorvarður,sá sem Þór verndar,M
Þorviður,Þór og viður. Kemur nokkrum sinnum fyrir að fornu og fram á 15. öld,M
Þrasir,"þrasgjarn. Tveir bæir heita Þrasastaðir, og er annar þeirra kenndur við landnámsmann. Á 13. öld var uppi Þrasi Þrasason, og á 15. öld er getið um Einar þrasa",M
Þrágjarn,"þjózkur maður. Kemur fyrir á 12. öld (eitt dæmi). Í sambandi við þetta nafn má minna á heitið Lífgjarn, sem gætir hér síðar",M
Þráinn,þrjóskur,M
Þrándur,maður úr Þrændalögum í Noregi,M
Þróttólfur,öflugur. Kemur fyrir á 10. öld,M
Þröstur,fugl,M
Ægir,ógurlegur. Sjávarguðinn,M
Ævar,"æva; ævarandi, ávallt -ar; hermaður",M
Ögmundur,vörn í ófriði,M
Ölnir,verndar,M
Ölver,"af öl; vernd, heill, og -ver; maður",M
Ölvir,sama og Ölver; gæfumaður,M
Önundur,e.t.v. ön; forfaðuir og vindur; stríðsmaðu,M
Örlaugur,afar bjartur,M
Örlygur,"ef til vill af örlygi; orrusta, eða skjaldarheiti",M
Örn,fugl,M
Örnólfur,örn og úlfur,M
Örvar,hermaður,M
Össur,sem veitir andsvar,M
Adda,"stytting af Aðal- eða úr hebresku Ada, yndi, fegurð.",F
Aðalbjörg,Göfug vernd.,F
Aðalheiður,"göfug og -heiður, björt, skínandi. 16/12. heilög Aðalheiður frá Búrgúnd, d. 999.",F
Adríana,af Adrían; frá Hadria.,F
Agata,"úr grísku og merkir góð. 5/2. heilög Agata píslarvottur, d. 251.",F
Agða,norræn mynd nafnsins Agata.,F
Agla,dregið af Egill.,F
Agnes,"úr grísku og merkir hrein, skírlíf. 21/1. heilög Agnes, d. 304.",F
Agneta,latnesk mynd nafnsins Agnes.,F
Ágústa,"dregið af Ágúst; göfug, virðuleg.",F
Alberta,"dregið af Albert; eðalborin, eða göfug og björt.",F
Albína,úr latínu og merkir hin hvíta.,F
Alda,bylgja.,F
Aldís,göfug dís.,F
Alexandra,"úr grísku, sama nafn og Alexander, verndari eða bjargvættur manna.",F
Alexía,"úr grísku, bjargvættur.",F
Alfa,"úr grísku. Fyrsti stafur gríska stafrófsins (Alfa og Ómega, upphafið og endirinn).",F
Álfdís,"göfug dís, hollvættur.",F
Álfeiður eða Álfheiður,"Álf- og -heiður; björt, skínandi.",F
Álfhildur,Álf- og -hildur; orrusta eða valkyrja.,F
Alfífa,úr ensku; gjöf álfa.,F
Alfríður,sú sem álfar unna.,F
Álfrún,"Álf- og -rún, leyndardómur eða vinkona álfa.",F
Allaug,"sennilega af Álflaug, björt sem álfur.",F
Alríður,sú sem álfar unna.,F
Alrún,líklega sama og Álfrún.,F
Alvör,"göfug vörn eða af Álfvör, vörn álfa.",F
Alma,"úr latínu; mild, nærandi.",F
Amalía,"úr þýsku, líkleg merking; iðin.",F
Amanda,úr latínu; elskuverð.,F
Amelía,ritmynd af Amalía.,F
Amíra,"kvenkyns útgáfan af arabíska nafninu emir, sem þýðir prins, eða herforingi, (líklega prinsessa).",F
Andrea,af Andrés.,F
Andrína,"af Andrés, karlmannlegur.",F
Angela,"úr ensku, dregið af engill.",F
Aníka,úr þýsku og merkir af engill.,F
Anja,"önnur mynd, eða stytting á nafninu Anna (í Skandinavíu, Finnlandi og Slóveníu).",F
Anna,"úr hebresku Hanna; náð, yndi. 26/7. heilög Anna, móðir Maríu meyjar.",F
Aníta,"úr spænsku, Anna litla.",F
Antonía,"úr latínu; ómetanleg, sama nafn og Anton.",F
Árbjörg,heilla-björg.,F
Árdís,heilladís.,F
Ármanna,af Ármann.,F
Arn-,"forliður samsettra nafna dreginn af Örn eða arinn,eldstó, heimili.",F
Arna,af Örn.,F
Árna,af Árni; Örn.,F
Arnbjörg,bjargvættur heimilisins. Arnbjörg landnámsmaður á Arnbjargarlæk.,F
Arnborg,vörn heimilisins.,F
Arndís,"Örn og dís, eða heilladís heimilisins.",F
Arneiður,sama og Arnheiður.,F
Arney,"Nafn þetta er myndað af forliðnum Arn- sem merkir ýmist örn eða arinn og er þá tákn fyrir heimili, og viðliðnum ey sem merkir hamingja,gæfa; sú sem ber gæfu og hamingju inn á heimilið.",F
Arnfríður,heimilisfriður eða sú sem heimilið elskar.,F
Árnfríður,"sú sem Árni, örn, ann.",F
Arngerður,vörn heimilisins.,F
Arngríma,af Arngrímur.,F
Arngunnur,Arn- og -gunnur; orrusta.,F
Arnheiður,birta heimilisins.,F
Arnhildur,orrusta eða valkyrja heimilisins.,F
Árný,"farsæl og ung, eða sú sem morgunninn yngir.",F
Árnína eða Arnína,af Árni.,F
Arnlaug,ljómi eða birta heimilisins.,F
Arnleif,erfingi arnarins eða heimilisins.,F
Arnljót,ljómi heimilisins.,F
Arnóra,af Arnór; Örn og Þór.,F
Arnrós,rós heimilisins.,F
Arnrún,leyndardómur heimilisins.,F
Arnþrúður,"Arn- og Þrúður, sterk kona, (kvenkenning); húsfreyja.",F
Áróra,"úr latínu; morgunroði, morgungyðjan.",F
Ársól,morgunsól eða gæfusól.,F
Ársæl,farsæl.,F
Árveig,farsæll styrkur.,F
Árþóra,samsett af Ár- og -Þóra.,F
Ása,"goðleg, goðkynjuð.",F
Ás-,forliður samsettra nafna og merkir helguð ásum eða goðkynjuð.,F
Ásbjörg,guðleg hjálp.,F
Ásbjört,guðleg og björt.,F
Ásborg,guðleg vörn.,F
Ásdís,"dís, helguð ásum, eða guðleg dís.",F
Ásfríður,"guðleg fegurð, eða sú sem goðin unna.",F
Ásgerður,"vörn goðanna. Ásgerður Asksdóttir, landnámsmaður undir Eyjafjöllum.",F
Áshildur,"orrusta goðanna, eða guðleg valkyrja -kona.",F
Áslaug,"björt, hrein, sem guð.",F
Ásrún,leyndardómur eða vinkona goðanna.,F
Ásta,forn stytting á Ástríður.,F
Ást-,"forliður samsettra nafna, sem upphaflega mun hafa verið Ás-; guðlegur, goðkynja.",F
Ástbjörg,sama og Ásbjörg.,F
Ástdís,sama og Ásdís.,F
Ásthildur,"sama og Áshildur, orrusta goðanna, eða guðleg valkyrja.",F
Ástríður,"fegurð goðanna, eða sú sem goðin unna, elska.",F
Ástrós,ást og rós.,F
Ástrún,guðdómlegur leyndardómur.,F
Auðbjörg,"auðnu, gæfu vernd.",F
Auðdís,heilladís.,F
Auðgunnur,"heilla, orrusta.",F
Auðhildur,"heilla, hildur.",F
Auðlín,gæfukona.,F
Auður,"gæfukona. Auður djúpúðga, landnámsmaður í Hvammi í Dölum.",F
Aþena,"fengið úr grískri goðafræði en Aþena var gyðja skynsemi og handiðnar, auk þess sem hún var stríðsgyðja.",F
Baldrún,samsett af Baldur og -rún.,F
Baldvina,"af Baldvin, djarfur vinur.",F
Bára,alda.,F
Bárðdís,samsett af Bárður og -dís.,F
Barbara,"úr grísku, barbaros, sá sem ekki er hægt að skilja, þ.e.a.s. útlendingur. 4/12. heilög Barbara, píslarvottur frá Nikómedíu d. 306.",F
Bella,"ensk stytting af Ísabella, sem er spænsk mynd af nafninu Elísabet. Einnig getur þetta verið úr latínu og merkir þá fögur.",F
Benedikta,"af Benedikt, blessaður.",F
Benta,dönsk stytting á Benedikta.,F
Bentína,"af Bent, sem er dönsk mynd af Benedikt.",F
Bera,birna.,F
Berg-,"forliður samsettra nafna, dregið af so. bjarga.",F
Berga,"af Bergur, bjargvættur.",F
Bergdís,bjargvættur.,F
Bergey,"auðnu, björg.",F
Berghildur,"hildur, orrusta eða valkyrja (kona), sem bjargar.",F
Berglind,bergvatnslind.,F
Bergljót,ljót = ljómandi björt.,F
Bergný,"ung björg, hjálp.",F
Bergrán,"samsett af Berg- sem merkir hjálp, frelsun, og -rán, tengt no. ræna; skynsemi, meðvitund. Sumir telja að nafnið sé hingað komið úr norræni goðafræði og þá frá sjávargyðjunni Rán sem safnaði saman þeim sem höfðu drukknað.",F
Bergrós,"rós, sem bjargar, hjálpar.",F
Bergrún,"leyndardómur, eða vinkona, sem hjálpar, bjargar.",F
Bergveig,"samsett af Berg- og -veig, styrkur.",F
Bergþóra,"Þóra, sem bjargar, hjálpar. Bergþóra kona Njáls á Bergþórshvoli.",F
Berta,úr þýsku; hin bjarta.,F
Birgit,önnur mynd nafnsins Birgitta.,F
Birgitta,"norræn mynd af írsku nafni, Brigit sem merkir hin háa. 7/10. heilög Birgitta, sænskur dýrlingur, d. 1373.",F
Birna,birna.,F
Birta,"birta, ljómi.",F
Bjargey,"björtun og -ey; auðna, gæfa.",F
Bjarghildur,"orrusta, eða valkyrja, sem bjargar.",F
Bjarndís,"björn og dís, eða verndarvættur Bjarnar.",F
Bjarney,"gæfa bjarnarins, eða Bjarnar.",F
Bjarnfríður,"fegurð bjarnarins, eða sú sem Björn ann.",F
Bjarngerður,Björn og -gerður; vernd.,F
Bjarnheiður,"björn og -heiður; heiðskír, björt.",F
Bjarnveig,"styrkur bjarnar, -veig merkir að líkindum styrkur, getur líka verið dregið af orðinu vé; helgidómur.",F
Bjarný,"kvennkyns útgáfa af nafninu Bjarni, sem þýðir að sjálfsögðu Björn eða sterkur sem björn.",F
Bjarnþóra,samsett af Bjarni og -þóra.,F
Bjartey,"Nafn þetta er myndað úr forliðnum Bjart sem leiddur er af lýsingarorðinu bjartur, og viðliðnum ey sem merkir hamingja,heppni.",F
Björg,"björg, hjálp. Dr. Björg Þorláksson (1874-1934) fyrsta íslenska konan er lauk doktorsprófi.",F
Björk,"björk, birki.",F
Björndís,"samsett af Björn og -dís, heilladís.",F
Björt,björt.,F
Bóel,"úr norsku, stytting á Bóthildur.",F
Borghildur,"borg; vörn, hjálp, og -hildur, stríð, barátta, eða valkyrja, kona.",F
Borgþóra,af Borgþór; vígi Þórs.,F
Bóthildur,"styrjöld, barátta sem bætir.",F
Brá,auga.,F
Braga,"af Bragi, ágætur.",F
Branddís eða Brandís,heilladís sverðsins.,F
Bríet,"önnur mynd nafnsins Birgitta. Bríet Bjarnhéðinsdóttir /1856-1940) ritstjóri, kvenréttindafrömuður.",F
Bryndís,brynjuð dís.,F
Bryngerður,brynjuð vörn.,F
Brynhildur,"brynjuð valkyrja. Brynhildur Buðladóttir, kona Sigurðar Fáfnisbana.",F
Brynja,brynja.,F
Bylgja,alda.,F
Daðey,af Daði.,F
Dagbjörg,"björgun, hjálp dagsins.",F
Dagbjört,björt sem dagur.,F
Dagfríður,fögur sem dagur.,F
Daggrós,dögg og rós.,F
Dagmar,"dönsk mynd af slavenska nafninu Dragomír, kær friður. Dragómír hét drottning Valdimars sigursæla Danakonungs (1185-1212) en Danir kölluðu hana Dagmar í merkingunni Dag-mær.",F
Dagný,sú sem dagur yngir.,F
Dagrún,"leyndardómur, eða vinkona dagsins.",F
Dalla,hin bjarta. Dall.,F
Dalrós,rós dalsins.,F
Danfríður,samsett af Daníel og fríður.,F
Daníela,"af Daníel, Guð er dómari minn.",F
Díana,"úr ensku, sótt í rómverska goðafræði, þar sem Díana var veiðigyðjan.",F
Diljá,"íslensk mynd nafnsins Delía sem er annað nafn gyðjunnar Artemis, sem var meydómsgyðjan með Grikkjum.",F
Dís,"gyðja, heilladís, hollvættur. Í seinni tíð hefur mikill fjöldi nýrra nafna verið myndaður með þessum viðlið.",F
Dísa,stytting á Dís.,F
Dómhildur,"valkyrja, kona sem dæmir.",F
Dóra,stytting á Halldóra eða öðrum hliðstæðum nöfnum.,F
Dóróthea eða Dórótea,"úr grísku; gjöf Guðs. 6/2. heilög Dóróthea, d. 304.",F
Drífa,"snjór, mjöll.",F
Droplaug,hrein sem dropi.,F
Dröfn,alda.,F
Dúa,önnur mynd nafnsins Dúfa.,F
Dúfa,"dúfa, eða alda, bylgja.",F
Dýrfinna,"dýrmæt, ágæt, kona.",F
Dýrleif,"ágæt, dýrmæt arfleið.",F
Dýrunn,dýrmæt bylgja.,F
Dögg,dögg.,F
Ebba,"úr dönsku, af Ebbe, sem aftur er stytting á nöfnum hliðstæðum Ásbjörn o.fl.",F
Edda,"formóðir, langamma.",F
Edit (-ith),"enskt nafn, sem samsvarar nafninu Auðgunnur.",F
Eðna,"úr írsku, eða hebresku. Eðna eða Edna heitir ein persóna Tóbíasarbókar. Merking ókunn.",F
Efemía eða Evfemía,"gríska, góður orðstír.",F
Eggrún,samsett af Eggert og -rún.,F
Eggþóra,samsett af Eggert og -þóra.,F
Eik,tré.,F
Einara,"af Einar, frábær hermaður.",F
Einbjörg,"frábær, einstæð hjálp.",F
Eindís,frábær dís.,F
Einhildur,"frábær hildur, valkyrja.",F
Einrún,"frábær vinátta, eða leyndardómur.",F
Einþóra,frábær -þóra.,F
Eir,"lækningargyðjan í norrænni goðafræði, nafnið skylt so. að eira, hlífa, þyrma.",F
Eiríka,af Eiríkur; ávallt voldugur.,F
Eirný,sú sem lækningargyðjan yngur.,F
Elena,afbrigði af Helena sem merkir hin ljósa.,F
Elfa,"elfur, á.",F
Elfríður,"úr þýsku, af Aðalfríður, göfug fegurð.",F
Elfur,"fljót, á.",F
Elín,"íslensk mynd nafnsins Helena = hin skæra, bjarta.",F
Elínbjörg,samsett af Elín og -björg.,F
Elínborg,samsett af Elín og -borg.,F
Elínóra,"ítölsk mynd nafnsins Helena, lýsandi, björt.",F
Elínrós,samsett af Elín og -rós.,F
Elísa,stytting á Elísabet.,F
Elísabet,"úr hebresku og merkir sú sem tignar Guð. (Lúk. 1,5) 19/11. heilög Elísabet frá Ungverjalandi (d. 1231).",F
Elka,úr þýsku.,F
Ella,stytting á Elín.,F
Ellen,dönsk mynd af Helena.,F
Ellisif,"forn norræn mynd af Elísabet. Elísabet drottning Haraldar harðráða, sem fædd var í Rússlandi, var nefnd þessu nafni á Norðurlöndum.",F
Elma,dönsk stytting á algengri nafnasamstæðu; Else Marie.,F
Elna,dönsk stytting á Helena.,F
Elsa,stytting á Elísabet.,F
Elva,úr spænsku; hin hvíta. Líka skrifað Elfa.,F
Embla,formóðir manna í norrænni goðafræði.,F
Emilía,af Emil; vingjarnleg.,F
Emilíana,"leitt af karlmannsnafninu Emil með viðskeytinu, íana.",F
Emma,"fornt germanskt nafn í merkingunni iðin, húsleg. Drottning Knúts mikla, Danakonungs, hér Emma (1017).",F
Engilráð,ráð engils.,F
Erla,fugl.,F
Erlen,leitt af karlmannsnafninu Erlendur.,F
Erlín,"samsett af Erla og -lín, sem er algeng kvenkenning.",F
Erna,af Örn.,F
Esmeralda,"dregið af nafninu á steininum Emerald, upphaflega spænskt nafn.",F
Ester,"úr hebresku eða persnesku, og merkir stjarna.",F
Ethel,göfug.,F
Eva,"úr hebresku (1. Mós. 3,20), og þýðir líf.",F
Eybjörg,"auðnu, gæfu hjálp.",F
Eydís,heilladís.,F
Eygerður,gæfuvernd.,F
Eygló,sól.,F
Eyja,"auðnu, gæfu kona.",F
Eyrún,leyndardómur gæfunnar.,F
Eyvör,gæfuvernd.,F
Eyþóra,auðna og Þóra.,F
Eyþrúður,"auðnu, gæfu Þrúður = kona.",F
Fanney,"annað hvort ísl. snjó-ey, eða úr ensku, stytting á Frances, Francisca.",F
Fannhvít,hvít sem mjöll.,F
Fannlaug,snjó-hrein.,F
Fídes,"latína, trú.",F
Filippía,af Filippus = hestavinur.,F
Finn-,"algengur forliður norrænna nafna, dreginn af þjóðarheitinu, en getur eins þýtt maður, menn, fólk.",F
Finna,(finnsk) kona.,F
Finnbjörg,hjálp Finna (;manna).,F
Finnboga,ad Finnbogi.,F
Finnborg,vörn Finna (;manna).,F
Finndís,"dís, hollvættur Finna, manna.",F
Finney,"auðna Finna, manna.",F
Finnfríður,sem Finnur ann.,F
Finnlaug,"Finna og björt, hrein.",F
Fjóla,blóm.,F
Flóra,"úr latínu, gyðja vors og blóma.",F
Freydís,heilladís Freys. Freydís hét dóttir Eiríks rauða.,F
Freygerður,"vernd Freyju, eða sú sem Freyr verndar.",F
Freyja,"ástar og frjósemisgyðja. Algeng kvenkenning. Hin fagra og tigna gyðja ástar og frjósemi er af vanaætt, dóttir Njarðar og systir hans, og systir Freys. Maður hennar heitir Óður og dætur þeirra eru Hnoss og Gersemi.",F
Frið-,"algengur forliður nafna dreginn af friður, eða af -fríður, skyldur so. frjá; elska.",F
Fríða,"stytting á nöfnum, sem enda á -fríður.",F
Friðbjörg,"björg, hjálp friðar.",F
Friðborg,"vörn, vígi friðarins.",F
Friðdís,heilladís friðarins.,F
Friðdóra,friður og Þóra.,F
Friðgerður,vörn friðarins.,F
Friðfinna,af Friðfinnur.,F
Friðlaug,friður og -laug; björt.,F
Friðleif,erfingi friðar.,F
Friðmey,"friðsöm mær, eða fögur mær.",F
Friðný,ung og fríð eða friðsöm.,F
Friðrika,af Friðrik; friðsamur höfðingi.,F
Friðrún,leyndardómur friðarins.,F
Friðsemd,"óáreitni, friðsemd.",F
Fríður,"fögur, elskuleg.",F
Friðþóra,friður og -þóra.,F
Fönn,"snjór, mjöll.",F
Gefn,"kvenkenning, heiti á Freyju.",F
Geira,stytting á Geir-.,F
Geirdís,vopn-dís.,F
Geirfríður,sem vopni ann.,F
Geirlaug,"vopn-björt,. hrein.",F
Geirný,sem vopnin yngja.,F
Geirrún,"leyndardómur, eða vinátta vopnsins.",F
Geirþrúður,styrkur vopnsins.,F
Gerða,stytting á -gerður; vörn.,F
Gerður,"vernd, vörn. Gerður hét kona Freys.",F
Gestheiður,samsett af Gestur og -heiður; björt.,F
Gestný,samsett af Gestur og -ný; sem yngir.,F
Gestrún,"samsett af Gestur og -rún; leyndardómur, vinátta.",F
Gígja,"strengjahljóðfæri, harpa.",F
Gísla,af Gísli.,F
Gíslín,"samsett af Gísli og -lín, sem er kvenkenning.",F
Gíslína,af Gísli; gísl eða geisli; ör.,F
Gísllaug,samsett af Gísli og -laug; björt.,F
Gíslrún,"samsett af Gísli og -rún, leyndardómur eða vinátta.",F
Gíslunn,"Gísli og -unn; sem ann, elskar.",F
Gná,"Ungt nafn hérlendis. Nafnið er sótt í norræna goðafræði en Gná var ein af ásynjum. Hún var í sendiferðum fyrir Frigg og reið hestinum Hófvarpni um loft og lög. Uppruni er óviss en hefur helst verið tengdur við nafnorðið gnýr; dynur, hávaði,og sögnina að gnýja; dynja, bylja.",F
Gréta,stytting á Margrét.,F
Gríma,"dulbúin, eða; nótt.",F
Grímheiður,björt gríma.,F
Grímhildur,"dulbúin hildur, valkyrja.",F
Gróa,gróandi.,F
Guðbjörg,"björgun, hjálp Guðs.",F
Guðbjört,björt sem Guð.,F
Guðborg,vernd Guðs.,F
Guðdís,"samsett af Guð- og -dís, heilladís.",F
Guðfinna,"finna (; kona), helguð Guði.",F
Guðfríður,sú sem Guð elskar.,F
Guðjóna,af Guðjón.,F
Guðlaug,björt sem Guð.,F
Guðleif,erfingi Guðs.,F
Guðlín,"Guð og -lín, hör, -kona.",F
Guðmunda,gjöf eða vörn Guðs.,F
Guðný,sem Guð yngir.,F
Guðríður,"af Guðfríður, sú sem Guð elskar.",F
Guðrún,"leyndardómur, eða vinátta Guðs. Guðrún Lárusdóttir, rithöfundur (1880-1938).",F
Guðveig,styrkur Guðs.,F
Gullveig,styrkur gulls.,F
Gunna,stytting á Guðrún eða hliðstæðum nöfnum.,F
Gunnbjörg,björgun orrustunnar.,F
Gunnbjört,orrustu-björt.,F
Gunnborg,vörn í orrustu.,F
Gunndís,verndardís orrustunnar.,F
Gunndóra,orrustu -þóra.,F
Gunnfríður,"fegurð orrustunnar, eða sú sem ann orrustum.",F
Gunnheiður,björt orrusta.,F
Gunnhildur,"orrustu-valkyrja, kona.",F
Gunnjóna,samsett af Gunn- og -jón.,F
Gunnlaug,björt í orrustu.,F
Gunnleif,erfingi orrustunnar.,F
Gunnlöð,"löð er skylt so. laða, hneigja að, bjóða heiom.",F
Gunnrún,leyndardómur orrustu.,F
Gunnur,"orrusta. Valkyrjuheiti, hliðstætt við Hildur.",F
Gunnvör,vörn orrustunnar.,F
Gunnþóra,orrustu- Þóra.,F
Gunnþórunn,"orrusta, sem Þór ann.",F
Gyða,Nafn þetta er leitt af nafnorðinu goð. (önnur þýðing; stytting á Gyðríður.,F
Gyðríður,"önnur mynd af Guðríður.,FHadda,af Haddur,hár. Bylgjuheiti.",F
Hafalda,alda.,F
Hafdís,heilladís hafsins.,F
Haflína,samsett af Haf- og -lína.,F
Hafrún,leyndardómur hafsins.,F
Hafsteina,af Hafsteinn.,F
Hafþóra,af Hafþór.,F
Halla,"hella, steinn.",F
Hallbera,Halla og birna. Hallbera abbadís á Reynistað. (d. 1330).,F
Hallbjörg,"Halla og -björg, björgun steins.",F
Halldís,"Halla og -dís, verndarvættur steins.",F
Halldóra,Halla og Þóra.,F
Hallfríður,"Halla og -fríður, fegurð steins.",F
Hallgerður,"vörn, vernd steinsins. Hallgerður langbrók, kona Gunnars á Hlíðarenda.",F
Hallgunnur,"samsett af Hall- og -gunnur, orrusta.",F
Hallveig,máttur steinsins.,F
Hanna,"úr hebresku. Sama nafn og Anna = náð, yndi. (1. Sam. 1,2). Líka stytting á Jóhanna.",F
Hansína,"úr dönsku, dregið af Hans.",F
Harpa,"hljóðfærið, eða mánaðarheitið.",F
Hauður,"land, jörð.",F
Heba,úr grísku goðafræðinni. Heba var kona Heraklesar.,F
Heiða,stytting á -heiður; björt.,F
Heiðbjörg,björt hjálp.,F
Heiðbjört,heiðskír.,F
Heiðbrá,Björt brá. Myndað úr forliðnum Heið- og Brá.,F
Heiðdís,björt dís.,F
Heiðný,"sú heiðna. (samsett af forliðnum, Heið- og viðliðnum -ný.",F
Heiðrún,björt vinátta.,F
Heiður,"björt, heiðskír.",F
Heiðveig,"úr pólsku; Jadwiga, hin sigursæla.",F
Hekla,"fjallið Hekla, hettukápa.",F
Helena,"úr grísku; hin bjarta, skæra. Helena fagra í Tróju. 18/8. Helena, móðir Konstantínusar mikla keisara, d. 303. Íslensk mynd nafnsins er Elín.",F
Helga,"hin heilaga, helgaða.",F
Helma,hálmstrá eða sama og Hilma.,F
Henný,barst upphaflega til Norðurlanda á 19. öld frá Bretlandi. Þar er það notað sem stytting á Henrietta.,F
Hera,úr grísku goðafræðinni. Hera var kona Seifs.,F
Herborg,bjargvættur hers.,F
Herdís,"hollvættur hers. Herdís Andrésdóttir, skáldkona (1858-1939).",F
Herlaug,"birta, ljómi hers.",F
Hermína,"úr þýsku, af Hermann.",F
Hertha,"úr þýsku og dönsku, afbökun latnesku nafnmyndarinnar Nerþus, sem var frjósemisgyðja meðal Germana.",F
Hervör,vernd hers.,F
Hilda,"úr fornesku, sama nafn og Hildur. 7/11. heilög Hilda frá Whitby, ensk abbadís, d. 688.",F
Hildigerður,vörn í orrustu.,F
Hildigunnur,"valkyrja. 6/2. heilög Hildigunnur, d. 1183.",F
Hildur,"orrusta. Valkyrjuheiti, kvenkenning.",F
Hilma,af Hilmar; hermaður með hjálm.,F
Hind,dádýr.,F
Hjálmdís,"hjálmur og -dís, verndardís hjálmsins.",F
Hjálmfríður,hjálmur og fegurð; sú sem hjálmi ann.,F
Hjördís,heilladís sverðsins. Hjördís hét móðir Sigurðar Fáfnisbana.,F
Hjörleif,af Hjörleifur; erfingi sverðsins.,F
Hjörtína,af Hjörtur.,F
Hlaðgerður,"hlað; Gull eða silfurlagður borði, og -gerður; vernd, kvenkenning.",F
Hlédís,"hlé; skjól, vörn.",F
Hlíf,vernd.,F
Hlín,jörð. Annað heiti á Frigg. Kvenkenning.,F
Hlökk,nefnd í Skáldskaparmálum Snorra-Eddu og virðist vera valkyrja. Nafnið er líklega skylt sögninni hlakka ´hælast um´.,F
Hólmdís,heilladís hólmans.,F
Hólmfríður,"sem hólmanum ann, eða fegurð hólmans.",F
Hrafndís,"hrafn og -dís, hollvættur.",F
Hrafnhildur,"hrafn og hildur; styrjöld, kona.",F
Hrafnkatla,"kvenkynsútgáfan af Hrafnkell, en það er myndað úr dýrsheitinu hrafn og viðliðnum kell, sem merkir ketill eða hjálmur.",F
Hrefna,af Hrafn. Hrefna Ásgeirsdóttir var kona Kjartans Ólafssonar.,F
Hreindís,hrein heilladís.,F
Hróðný,"ung frægð, eða sú sem frægðin yngir.",F
Hrund,kona. Valkyrjuheiti.,F
Hrönn,alda.,F
Hugborg,"hugsun, hugskot.",F
Hugljúf,"hugljúf, elskuleg.",F
Hugrún,leyndardómur hugans. Viskurúnir.,F
Huld,leynd.,F
Hulda,"annað hvort úr dönsku; hin leynda, eða úr hebresku (2. Kon. 22,14) Hulda spákona.",F
Húnbjörg,hjálp húna.,F
Hödd,hárprúð.,F
Högna,af Högni; verndari.,F
Hörn,"heiti á Freyju, dregið af hör, lín.",F
Ída,"úr dönsku, af Iða; hin iðna.",F
Iða,hin iðna.,F
Iðbjörg,iðin hjálparhella.,F
Iðunn,sem endurnýjar. Iðunn var kona Braga.,F
Ilmur,ilmandi. Ásynjuheiti.,F
Ína,"úr latínu, kvenkennig og þýðir móðir. Einnig stytting á nöfnum sem enda á -ína.",F
Indíana,hin indverska.,F
Indríður,"dregið af Indriði, einförull.",F
Ing-,"algengur forliður norrænna nafna, dreginn af Ingi eða Yngvi, sem var heiti Freys, líklega í merkingunni konungur eða ættfaðir.",F
Inga,af Ingi.,F
Ingibjörg,"björg, hjálp konungs.",F
Ingiborg,dönsk mynd nafnsins Ingibjörg.,F
Ingigerður,vörn konungs.,F
Ingilaug,ljómi konungs.,F
Ingileif,arfleið eða erfingi konungs.,F
Ingiríður,"fegurð konungs, eða; sú sem konungur ann.",F
Ingrún,"leyndardómur, eða vinátta konungs.",F
Ingunn,elskuð af konungi.,F
Ingveldur,af Inghildur; orrusta konungs.,F
Ír eða Írr,sjá Ýr eða Ýrr.,F
Írena,"úr grísku; friður. 5/4 heilög Írena píslarvottur, d. 304.",F
Íris,úr grísku; regnbogi.,F
Irma,"úr þýsku, ermen sem þýðir heill, universal. Tengist nafninu Emma.",F
Ísabella,spænsk-portúgölsk mynd af Elisabeth.,F
Ísafold,Ísland.,F
Ísbjörg,"ís-björg, hjálp.",F
Ísey,eyja eða gæfa íss.,F
Ísleif,af Ísleifur.,F
Ísold – Erlent að uppruna,Isolda,"Isold, myndað úr is ís og vald ráða, stjórna."",F"
Ívör,af Ívar.,F
Jakobína,af Jakob.,F
Jana,stytting á Kristjana; kristin.,F
Jara,"styrjöld, orrusta.",F
Járnbrá,örþunnt lag með járnslit á yfirborði vatns (í mýrum).,F
Járngerður,"vörn járnsins, vopnsins.",F
Jarþrúður,af jara; orrusta og þrúður; (sterk) kona.,F
Jenný,"úr ensku, af Jóhanna. Sænski næturgalinn söngkonan Jenný Lind (d. 1887), sem H.C. Andersen unni, stuðlaði að vinsældum þessa nafns á Norðurlöndum.",F
Jensína,af Jens.,F
Jódís,heilladís hestsins.,F
Jófríður,"fegurð hestsins, eða sú sem hesti ann.",F
Jóhanna,úr hebresku; Drottinn er náðugur. 30/5. heilög Jóhann af Örk (d. 1431).,F
Jóheiður,birta hestsins.,F
Jólín,"af Jór, hestur og -lín, kvenkenning.",F
Jóna,af Jón.,F
Jónbjörg,"samsett af Jón og -björg, hjálp.",F
Jónborg,"samsett af Jón og -borg, vörn.",F
Jóndís,"samsett af Jón og -dís, heilladís.",F
Jóney,"Jón og -ey; auðna, gæfa.",F
Jónfríður,samsett af Jón og -fríður.,F
Jónheiður,"samsett af Jón og -heiður, birta.",F
Jónhildur,"samsett af Jón og -hildur, orrusta, eða valkyrja.",F
Jónína,"samsett af karlmannsnafninu, Jón og viðskeytinu -lína, -Lína.",F
Jóreiður,"dregið af jöfurr; konungur, og heiður; birta konungs.",F
Jórunn,"sú sem jöfurr, konungur ann.",F
Jósefína,dregið af Jósef; Drottinn mun auka.,F
Júdít,úr hebresku; gyðingakona.,F
Júlía,"úr latínu, dregið af Júlíus; unglingur.",F
Júlíana eða Júlíanna,"úr latínu, af Júlía.",F
Júnía,"af júní, mánaðarheitinu.",F
Jörgína,"úr dönsku, af Jörgen.",F
Kaðlín,úr írsku. Etv. sama nafn og Katrín.,F
Kaja,"í Skandinavíu er þetta nafn dregið af Katarina. Mögulega dregið af fornnorsku kaða, sem þýðir hen; hæna. Frá einhverju Norðurlanda er um að ræða gælumynd nafnsins",F
Karitas,Vantar merkingu,F
Kamilla,"íslensk mynd af Camilla, úr latínu; ambátt við helgiþjónustu. (Kamilla, upprunalega Arabískt og þýðir fullkomnun.",F
Kamma,"úr dönsku, stytting á algengri nafnasamsetningu; Karen Margrét.",F
Kara,"stytting á Karítas, eða úr latínu; cara; kæra.",F
Karen,"úr dönsku, önnur mynd nafnsins Katrín.",F
Karítas,"úr latínu; kærleikur. (Fides; trú, spes; von).",F
Karla,"úr dönsku, hliðstætt Karl.",F
Karlotta,"úr frönsku, hliðstætt Karl.",F
Karólína,"úr dönsku, hliðstætt Karl.",F
Kata,stytting á Katrín.,F
Katla,"af ketill, eldfjallið Katla.",F
Katrín,"úr grísku; hin hreina. 25/11. Katrín helga, verndardýrlingur heimspekinnar.",F
Ketilríður,af Ketill og fríður.,F
Kiddý,stytting á nöfnum sem byrja á Krist-.,F
Kirstín,dönsk mynd af Kristín.,F
Klara,"úr latínu, hin skæra, bjarta. 12/8. heilög Klara frá Assisi, d. 1253.",F
Kolbrá,"dökk á brún, dökk augu.",F
Kolbrún,dökk á brún og brá.,F
Kolfinna,dökkleit Finna (= kona).,F
Kolfreyja,dökkhærð kona.,F
Kolþerna,"dökkleit þerna, kona.",F
Krista,"úr þýsku eða dönsku, af Kristín.",F
Kristey,"samsett af Krist- og -ey, auðna, gæfa Krists.",F
Kristbjörg,sem Kristur bjargar.,F
Kristborg,vörn Krists.,F
Kristensa,danskt nafn leitt af Krist-.,F
Kristfríður,sem Kristur ann.,F
Kristgerður,vörn Krists.,F
Kristín,"úr latínu, Christiana, sem þýðir kristin. 24/7. heilög Kristín frá Bolsena, d. 304.",F
Kristjana,"dregið af Kristján, og merkir kristin.",F
Kristlaug,björt sem Kristur.,F
Kristmunda,gjöf eða vörn Krists.,F
Kristný,sem Kristur yngir.,F
Kristólína,samsett af Krist- og Ólína.,F
Kristrún,"leyndardómur, eða vinátta Krists.",F
Kristveig,máttur Krists.,F
Kristþóra,samsett af Kristur og -þóra.,F
Lára,"úr latínu, af Lárus; lárviður.",F
Lárey,"samsett af forliðnum Lár-, lárviður og viðliðnum -ey; auðna.",F
Laufey,"ljúf auðna, gæfa. Laufey hét móðir Loka.",F
Lauga,"stytting á -laug, hrein.",F
Laugheiður,"samsett, báðir liðir nafnsins merkja hið sama; björt og hrein.",F
Lea,"úr hebresku. Lea hét kona Jakobs (1. Mós. 29,21-30).",F
Lena,stytting á Magdalena eða Helena.,F
Leikný,sem leikur yngir. Leikný hét ástkona Þorgeirs Ljósvetningagoða.,F
Líf,líf.,F
Lilja,lilja. Önnur merking; Lifandi trú.,F
Lína,stytting á Karólína og hliðstæðum nöfnum.,F
Línbjörg,"lín, hör, kvenkenning, og -björg, hjálp.",F
Lind,lind.,F
Linda,úr þýsku; linditré.,F
Lindís,"lín, þ.e. hör og dís.",F
Líney,"lín, hör, og -ey; auðna.",F
Líneik,kona.,F
Línhildur,"lín, hör og -hildur, valkyrja, kona.",F
Lísa,stytting á Elísabet.,F
Lísbet,dönsk stytting á Elísabet.,F
Lív,sjá Líf.,F
Ljósbjörg,sem ljósið bjargar.,F
Ljósbjört,björt sem ljós.,F
Ljósbrá,"ljós og brá, auga.",F
Ljótunn,"ljót; björt, og -unn; elskuð.",F
Lóa,lóa.,F
Lofn,"ástmær. Gyðjuheiti. Lofn, hun er svo mild og góð til áheita, að hún fær leyfi af Alföður eða Frigg til manna samgangs, kvenna og karla, þótt áður sé bannað eða þvertekið; fyrir því er af hennar nafni lof kallað og svo það, er lofað er mjög af mönnum, segir Snorri Sturluson.",F
Loftey,"samsett af Loftur og -ey, auðna.",F
Lofthildur,samsett af Loftur og Hildur.,F
Loftveig,samsett af Loftur og -veig; styrkur.,F
Lovísa,"úr frönsku, af Louis; Lúðvík; vígamaður.",F
Lukka,hamingja.,F
Lydía,latína; frá Lydíu (landsvæði í Litlu Asíu).,F
Lyngheiður,lyng og -heiður; björt.,F
Lyngdís,lyng og -dís.,F
Lyngný,lyng og -ný.,F
Magdalena,"úr grísku, viðurnefni; frá Magdölum (í Galíleu).",F
Magga,"stytting á Margrét, Magnea o.þ.l.",F
Magna,"úr latínu; mikil, máttug.",F
Magndís,máttug dís.,F
Magnea,"hin mikla, hliðstætt Magnús.",F
Magnfríður,máttug og elskuleg.,F
Magnhildur,máttug kona eða styrjöld.,F
Magnína,"af Magnús, mikill.",F
Magnúsína,"af Magnús, mikill.",F
Magný,máttug og ung eða sem máttur yngir.,F
Magnþóra,samsett af Magn- og -þóra. máttug þóra.,F
Málfríður,fegurð máls.,F
Málhildur,"mál og -hildur, kona eða orrusta.",F
Málmfríður,fegurð málmsins.,F
Maren,"tökunafn úr dönsku, stytting á Marina ´af hafi´.",F
Máney,"kvennkynsútgáfa af nafninu Máni; tungl, máni, með viðliðnum -ey; ey.",F
Marey,myndað af forliðnum Mar- og viðliðnum –ey.,F
Margrét,"úr grísku; perla. 20/7. heilög Margrét frá Antíokíu (d. 300), á hana var heitið í barnsnauð.",F
Margunnur,orrusta hafsins.,F
Marheiður,birta hafsins.,F
María,grísk mynd hebreska nafnsins Mirjam; hin fagra. 2/2. kyndilmessa. 25/3. Boðunardagur Maríu.,F
Maríanna,algeng frönsk samsetning nafnanna Maríu og Anna. Maríanna er persónugervingur Frakklands og frönsku þjóðarinnar.,F
Marin eða Marín,úr latínu Marina; af hafi.,F
Marsibil,"fornt nafn, merking óþekkt.",F
Marta,"úr hebresku; húsfreyja. (Lúkas 10,38).",F
Matthea,af Matthías; gjöf Guðs.,F
Matthildur,"úr þýsku; hetja. 14/3. heilög Matthildur, þýsk drottning d. 968.",F
Mekkín,"merking óþekkt. Sagt er að kona af Austurlandi, sem hertekin var í Tyrkjaráninu hafi eftir heimkomuna skírt dóttur sína Mekkín eftir húsmóður sinni í Barbaríinu. Etv. er nafnið dregið af nafni borgarinnar Mekka.",F
Melinda,"samsett af Mel- (t.d. frá Melanie eða Melissa), með -inda í endann.",F
Melkorka,úr írsku; ambátt Curcags dýrlings. Melkorka var móðir Ólafs pá í Hjarðarholti.,F
Metta,dönsk stytting á Margrét.,F
Mist,"er fornt valkyrjuheiti. Giskað hefur verið á tengsl við sænsku sögnin mista, í dönsku miste; missa, tapa, og að nafnið merki þá ´sú sem veldur missi´.",F
Mjallhvít,hvít sem mjöll.,F
Mjöll,snjór.,F
Móeiður eða Móheiður,hugbjört.,F
Móna,"algeng gælumynd af nafninu Mónika. En Móna getur einnig verið tökunafn úr ensku þar sem það á rætur að rekja til írska nafnsins Muadhnait, leitt af nafnorðinu muadh ´tiginn´.",F
Móníka,"úr grísku; ein. 4/5. Móníka, móðir Ágústínusar kirkjuföður, d. 387.",F
Munda,stytting á Guðmunda o.þ.l.,F
Myrra,"ritmynd af Mirra. (Mirra,Ilmefni.) Gæti einnig verið tökunafn úr ensku Mira, Mirra, stytting á Miriam.",F
Nadía,von.,F
Nanna,úr norrænni goðafræði. Sennileg merking; hin hugrakka. Nanna hét kona Baldurs.,F
Natalía,Nafn þetta er komið úr latínu og myndað af orðunum dies natalis sem merkir fæðingardagur (jólabarn).,F
Nereiður eða Neríður,hress og björt. Nereiður hét ástkona Þórðar kakala.,F
Nikólína,úr dönsku af Nikulás; sigur lýðsins.,F
Nína,úr rússnesku; Anna litla.,F
Njóla,nótt.,F
Norma,úr latínu; regla.,F
Nótt,"sama orð og nótt,tíminn frá kvöldlokum til morguns. Í Ála flekks sögu er sagt frá tröllkonunni Nótt.",F
Oddbjörg,hjálp vopnsins.,F
Oddfríður,fegurð vopnsins.,F
Oddleif,sem erfir vopn.,F
Oddgerður,sú sem nýtur verndar vopnsins.,F
Oddný,sem vopnin yngja.,F
Oddrún,leyndardómur vopnsins.,F
Oddvör,vörn vopnins.,F
Oktavía,út latínu; hin áttunda.,F
Ólafía,af Ólafur; sem erfir forfeðurna.,F
Olga,úr rússnesku; Helga.,F
Ólína,"úr dönsku, dregið af Ólafur.",F
Ólöf,sama nafn og Ólafur; sú sem erfir forfeðurna. Ólöf ríka Loftsdóttir á Skarði.,F
Ósk,ósk.,F
Pála,"úr latínu, sama nafn og Páll, og merkir hin litla.",F
Páldís,samsett af Páll og -dís.,F
Pálfríður,samsett af Páll og -fríður; sem Páll ann.,F
Pálína,af Páll.,F
Pálmey,af Pálmey.,F
Pálmrún,samsett af Pálmi og -rún.,F
Pálrún,samsett af Páll og -rún.,F
París,"París, höfuðborg Frakklands, sem fékk nafn sitt frá fornum Keltneskum þjóðflokki er kallaður var Parisii.",F
Perla,perla.,F
Petra,"úr dönsku, hliðstætt Pétur; klettur.",F
Petrea,"danskt nafn, af Pétur, klettur.",F
Petrína,"úr dönsku, af Pétur.",F
Petronella,"úr latínu, af Petronius.",F
Petrún eða Pétrún,samsett af Pétur og -rún,"leyndardómur."",F"
Ráðhildur,ráð og hildur; kona eða styrjöld.,F
Rafnhildur,afbökun á Hrafnhildur.,F
Ragn-,"algengur forliður norrænna nafna dreginn af rögn, það er goð, máttarvöld.",F
Ragna,"stytting nafna, sem byrja á Ragn-.",F
Ragnheiður,björt sem goðin.,F
Ragnhildur,guðleg valkyrja eða styrjöld.,F
Rakel,"úr hebresku og merkir lambær. Rakel hét kona Jakobs (1.Mós. 29,6).",F
Rán,"hafið, gyðja hafsins.",F
Randíður,af Ragnfríður; fegurð goðanna eða sú sem goðin unna.,F
Rannveig,styrkur hússins.,F
Rebekka,"úr hebresku og merkir snara. Rebekka var kona Ísaks (1. Mós. 24,15).",F
Regína,úr latínu; drottning. 5/9 heilög Regína píslarvottur d. 251.,F
Ríkey,"mikil, voldug gæfa.",F
Ronja,Astrid Lindgren fann uppá því nafni fyrir Ronju Ræningjadóttur hún tók það úr nafninu Juronjaure sem er stöðuvatn í Lepplandi en nafnið Ronyah er þekkt í hebresku og merkir Guðs hamingja.,F
Rós,ró.,F
Rósa,"úr latínu; rós. Rósa Guðmundsdóttir, Vatnsenda-Rósa (d. 1855).",F
Rósalind,"úr ensku og þýsku; rós og -linda, linditré.",F
Rósmunda,samsett af Rósa og -munda; gjöf eða vörn.,F
Rósbjörg,samsett af Rósa og -björg; hjálp.,F
Rósborg,samsett af Rósa og -borg; vörn.,F
Rósfríður,fegurð rósar.,F
Róshildur,"samsett af Rósa og -hildur; kona, eða styrjöld.",F
Róslaug,björt sem rós.,F
Rún,leyndardómur eða vinkona. Kvenkenning.,F
Rúna,"stytting á nöfnum, sem enda á -rún, eða dregið af no. rúna; trúnaðarvinur, eiginkona.",F
Rut,úr hebresku og merkir vinátta. Rut var formóðir Davíðs konungs (Rutarbók).,F
Saga,saga.,F
Salbjörg,vernd hússins.,F
Salgerður,vörn hússins.,F
Salný,"kemur fyrir á 14. öld og virðist hafa tíðkazt síðan. Samsett af forliðnum, Sal- og viðliðnum -ný.",F
Salóme,"úr hebresku, af Salómon; friður. Salóme hét móðursystir Jesú (Mark. 15,40).",F
Salvör,vörn hússins.,F
Sandra,"úr ensku, stytting á Alexandra.",F
Sara,"úr hebresku og merkir drottning. Sara hét kona Abrahams og var ættmóðir Ísraelsmanna (1. Mós. 17,15).",F
Selma,úr keltnesku og merki hin fagra.,F
Sesselja,"úr latínu, Cecilía, blind. 22/11. heilög Sesselja, (d. 230), verndardýrlingur tónlistarinnar.",F
Sif,"brúður, eiginkona. Ath. að eignarfall þessa nafn er; Sifjar. Sif hét kona Þórs.",F
Sig- og Sigur-,algengur forliður norrænna nafna og merkir sigur eða orrusta.,F
Sigfríð,"fegurð sigursins eða orrustunnar, sama nafn og Sigfríður og Sigríður.",F
Siggerður,vörn í orrustu.,F
Signý,"sú sem orrustan, eða sigurinn yngir.",F
Sigríður,"sama og Sigfríður; fegurð orrustunnar, eða sú sem orrustum ann.",F
Sigrún,"leyndardómur sigursins, eða orrustunnar.",F
Sigurást,ást sem sigrar.,F
Sigurbirna,"samsett af forliðnum Sigur- og kvenmannsnafninu Birna, lagað eftir karlmannsnafninu Sigurbjörn.",F
Sigurbjörg,"hjálp orrustunnar, sigursins.",F
Sigurbjört,"birta, ljómi sigursins.",F
Sigurborg,vörn í orrustu.,F
Sigurdís,hollvættur orrustunnar.,F
Sigurey,auðna sigursins.,F
Sigurfljóð,sigursæl kona.,F
Sigurhanna,samsett af Sigur- og Hanna.,F
Sigurhelga,samsett af Sigur- og Helga.,F
Sigurjóna,samsett af Sigur- og Jóna.,F
Sigurlaug,"björt í sigri, eða orrustu.",F
Sigurleif,arfleið sigursins.,F
Sigurlilja,samsett af Sigur- og Lilja.,F
Sigurlín,"samsett af Sigur- og -lín; hör, kvenkenning.",F
Sigurlína,samsett af Sigur- og -lína.,F
Sigurósk,samsett af Sigur- og ósk.,F
Sigurrós,rós sigursins.,F
Sigurvina,"af Sigurvin, vinur í orrustu.",F
Sigurveig,styrkur sigursins eða orrustunnar.,F
Sigurþóra,samsett af Sigur- og Þóra.,F
Sigyn,sú sem ann sigri. Sigyn var kona Loka.,F
Sigþóra,samsett af Sig- og Þóra.,F
Sigþrúður,sigursæl kona.,F
Silfá,heimildir eru um nafnið frá síðari hluta 18. aldar og var það ritað Silpha. Nafnmyndin Sylva þekkist í Noregi sem hliðarmynd af Sylvia en er einnig talin mynduð beint af latneska nafnorðinu silva; skógur. Íslenska nafnið Silfá er lagað eftir þeirri nafnmynd.,F
Silja,norræn mynd af nafninu Sesselja.,F
Silvía,"úr latínu, silva; skógur.",F
Sína,stytting á Jensína og hliðstæðum nöfnum.,F
Sjöfn,"ást, ástargyðjan.",F
Skúla,"af Skúli, verndari.",F
Snjáfríður,"fögur sem snjór, sama og Snæfríður.",F
Snjólaug,björt sem snjór.,F
Snót,"stúlka, kona.",F
Snæbjörg,björgun í snjó.,F
Snæbjört,björt sem snær.,F
Snæborg,vörn í snæ.,F
Snædís,heilladís í snjó.,F
Snæfríður,"fögur sem snjór, þekkist líka sem Snjáfríður.",F
Soffía,"úr grísku, sofía; viska. 30/9. heilög Soffía, d. 138.",F
Sól,nafnið er ungt hér á landi. Að baki liggur nafnorðið sól ´lýsandi hnöttur; sólskin´. Af sama toga er forliðurinn Sól-.,F
Sólbjörg,"björg, hjálp sólar.",F
Sólbjört,björt sem sól.,F
Sólborg,vígi sólar.,F
Sóldís,samsett úr nafnorðinu sól og viðliðnum -dís sem merkir heilladís.,F
Sóley,"gæfusól, sóley.",F
Sólný,"samsett af forliðnum Sól-, Sól, og viðliðnum -ný.",F
Sólrún,leyndardómur sólar.,F
Solveig,"af Salveig, styrkur hússins.",F
Sólveig,"máttur sólar, eða ummyndun á Solveig.",F
Sonja,"úr rússnesku, sama nafn og Soffía.",F
Stefanía,"af Stefán, sigursveigur, kóróna. Stefanía Guðmundsdóttir, leikkona (1876-1926).",F
Steina,stytting á Stein-.,F
Steindóra,hliðstætt Steindór.,F
Steingerður,vörn steinsins.,F
Steinunn,"öldusteinn, eða sú sem steini ann. Steinunn gamla, landnámsmaður á Suðurnesjum.",F
Steinvör,"vörn steinsins. Steinvör Sighvatsdóttir, ein af mestu kvenskörungum Sturlungaaldar.",F
Steinþóra,hliðstætt Steinþór.,F
Stella,úr latínu; stjarna.,F
Stína,stytting á Kristín.,F
Sturlína,"af Sturla, óeirinn maður.",F
Styrgerður,vernd í orrustu.,F
Sumarlína,samsett af Sumar- og -lína.,F
Sumarrós,rós á sumri.,F
Sunna,sól.,F
Sunnefa eða Sunneva,"úr ensku; gjöf sólar. 8/7. heilög Sunnefa, verndardýrlingur Björgvinjar.",F
Súsanna,"úr hebresku og merkir lilja. 11/8. heilög Súsanna, 3. öld.",F
Svala,"svala, fugl.",F
Svana,"af Svanur, eða stytting á Svan-.",F
Svanbjörg,hjálp svansins.,F
Svanbjört,björt sem svanur.,F
Svanborg,vörn svansins.,F
Svandís,hollvættur svansins.,F
Svanfríður,fegurð svansins.,F
Svanhildur,svanur og -hildur.,F
Svanhvít,hvít sem svanur.,F
Svanlaug,björt sem svanur.,F
Svava,"svavnesk, frá Schwaben.",F
Sveina,stytting á Svein-.,F
Sveinbjörg,samsett af Sveinn og -björg; hjálp sveinsins.,F
Sveinborg,vörn sveinsins.,F
Sveindís,heilladís sveinsins.,F
Sveinfríður,sú sem sveininum ann.,F
Sveinlaug,birta sveins.,F
Sveinrún,samsett af Sveinn og -rún.,F
Sveinsína,af Sveinn.,F
Sylvía,sama og Silvía.,F
Sæbjörg,"björgun, hjálp á sæ.",F
Sædís,heilladís á sæ.,F
Særún,leyndardómur hafsins.,F
Sæunn,"hafalda, eða sú sem ann hafinu.",F
Táldís,Vantar merkingu,F
Tanja,"stytting á nafninu Tatiania, sem er kvenkyns útgáfa rómverska nafnsins Tatianus, sem er dregið af rómverska nafninu Tatius, merking þess er óþekkt.",F
Tara,dregið af Tara-hæð (teamhair) nálægt Dublin á Írlandi. Möguleg þýðing er hækkaður staður. Tara þýðir einnig stjarna á Sankrit.,F
Telma eða Thelma,enskt skáldsögunafn frá 19. öld.,F
Thea,stytting á Theódóra eða Dóróthea; gjöf Guðs.,F
Theódóra,"úr grísku; gjöf Guðs. 28/4. Theódóra píslarvottur, d. 304.",F
Tinna,steinn.,F
Todda,"stytting á Þor-, Þór-.",F
Tómasína,af Tómas; tvíburi.,F
Torfhildur,samsett af Torfi og -hildur. Torfhildur Hólm skáld (1845-1918).,F
Ugla,að baki liggur fuglsheitið ugla. Aðalsöguhetjan í Atómstöðinni eftir Halldór Laxness heitir Ugla.,F
Úlfdís,heilladís úlfsins.,F
Úlfheiður,samsett af Úlfur og -heiður; björt.,F
Úlfhildur,"barátta, styrjöld úlfa.",F
Una,hin hamingjusama.,F
Unnfríður,sem Unnur elskar.,F
Unnur,"alda, eða hin elskaða. Unnur var dóttir Ægis.",F
Unnvör,styrkur Unnar.,F
Urður,"ein örlaganornanna; fortíðin, hinar voru; Verðandi; Samtíðin og Skuld; framtíðin.",F
Úrsúla,"úr latínu; ung birna. 21/10. heilög Úrsúla, d. 238.",F
Vaka,sem vakir.,F
Vala,"stytting nafna, sem byrja á Val-.",F
Valbjörg,hjálp fallinna.,F
Valborg,"skjöldur. 1/5. Valborgarmessa, hátíð Valborgar helgu, en hún var ensk konungsdóttir, d. 779.",F
Valdís,verndardís fallinna.,F
Valgerður,vörn fallinna.,F
Valný,samsett af Val- og -ný.,F
Valva,líklega afbökun á völva; spákona.,F
Vébjörg,"björgun, hjálp helgistaðarins.",F
Védís,hollvættur helgidómsins.,F
Veiga,stytting á -veig; styrkur.,F
Véný,sem helgidómurinn yngir.,F
Vera,rússneska; og merkir; trú.,F
Verna,"úr þýsku; sterk, öflug vernd.",F
Veróníka,úr grísku; sem veitir sigur. Síðar snúið upp á latínu og þýtt sem sönn mynd. 12/7. heilög Veróníka.,F
Vigdís,"heilladís orrustunnar, baráttunnar. Vigdís Finnbogadóttir, forseti Íslands 1980-1996.",F
Viktoría,úr latínu; hin sigursæla. Viktoría Englandsdrottning (1819-1901).,F
Vilborg,úr fornensku; hjálpfús.,F
Vildís,vildardís.,F
Vilfríður,forkunnar fögur.,F
Vilgerður,frábær vernd.,F
Vilhelmína,af Vilhjálmur; virðulegur hjálmur.,F
Villimey,Vantar merkingu,F
Vilný,frábær og ung.,F
Von,von.,F
Vordís,dís vorsins.,F
Völva,spákona.,F
Ylfa,úr sænsku; úlfynja.,F
Ýr eða Ýrr,"ýviður, bogi.",F
Yrsa,"óhemja eða birna, ef til vill er þetta norræn mynd nafnsins Úrsúla.",F
Þeba,"höfuðborg Böótíu, Fornegypta. Þetta var líka borg í Grikklandi rétt sunnan við Aþenu.",F
Þjóð-,forliður norrænna nafna sem merkir mikil.,F
Þjóðbjörg,mikil björg.,F
Þjóðhildur,"mikil -hildur; styrjöld eða valkyrja, kona.",F
Þóra,af Þór.,F
Þóranna,"samsett af Þór og Anna, eða önnur mynd af Þórarna.",F
Þórarna,sama nafn og Þórarinn; Þór og örn.,F
Þorbera,Þór og bera; birna.,F
Þorbjörg,hjálp Þórs. Þorbjörg Sveinsdóttir (1828-1903) ljósmóðir og kvenréttindafrömuður.,F
Þórdís,heilladís Þórs.,F
Þórey,gæfa Þórs.,F
Þórfríður,sem Þór ann.,F
Þorgerður,vernd Þórs.,F
Þórgunnur,barátta Þórs.,F
Þórhalla,hliðstætt Þórhallur.,F
Þórhanna,samsett af Þór og -hanna.,F
Þórheiður,björt sem Þór.,F
Þórhildur,"styrjöld, eða valkyrja Þórs.",F
Þórkatla,"hjálmur Þórs, hliðstætt Þorkell.",F
Þórlaug,björt sem Þór.,F
Þórleif,erfingi Þórs.,F
Þórný,sem Þór yngir.,F
Þorsteina,hliðstætt Þorsteinn.,F
Þórstína,"af Þorsteinn, eða samsett af Þór- og Kristín.",F
Þórunn,sem Þór ann.,F
Þórveig,styrkur Þórs.,F
Þrúður,"kona, stúlka. Þrúður var dóttir Þórs.",F
Þuríður,"sú sem Þór ann, eða sem nýtur verndar Þórs.",F
Þyri,"úr dönsku; helguð, eða vernduð af Þór. Þyri Danabót, drottning Gorms gamla í Hleiðru (10. öld).",F
Þöll,fura.,F
Æsa,af goðakyni.,F
Ögn,"sennilega hliðstætt Agnar, af sömu rót og agi, ógn eða; agnarsmá.",F
Örk,"örk, kista, skip (Nóa).",F
Ösp,"Tréið ösp",F
